user_id,name,email,phone,account_creation_date,country
1,Ava Hall,thomasjacqueline@gmail.com,+1-996-608-5026,2024-6-26,Mexico
2,Sophia Hall,jeffrey60@aol.com,+1-933-254-5580,2024-12-17,India
3,Elijah Thompson,jennifernorman@yahoo.com,+1-694-598-5559,2023-1-17,France
4,Elijah White,jose88@hotmail.com,+1-516-234-0532,2023-4-28,Mexico
5,Ava Harris,michaelmoreno@aol.com,+1-603-967-0578,2024-10-9,Germany
6,Elijah Harris,aprilgonzalez@hotmail.com,+1-264-780-2271,2024-6-7,India
7,Oliver Clark,wstuart@aol.com,+1-960-495-4878,2023-7-1,Germany
8,Olivia Allen,millersandra@nonprofit.org,+1-510-607-5597,2024-3-27,Canada
9,Liam Harris,hjones@outlook.com,+1-710-280-0523,2022-9-18,France
10,Liam Allen,lisabaker@yahoo.com,+1-753-099-5269,2023-7-26,Canada
11,James Clark,nbuchanan@aol.com,+1-814-900-6191,2024-8-29,Japan
12,Sophia Allen,joshuaterry@gmail.com,+1-790-033-8515,2024-11-9,Japan
13,Sophia Harris,edwardcaldwell@hotmail.com,+1-410-560-2142,2024-1-3,France
14,Sophia Anderson,zschneider@aol.com,+1-109-690-5254,2023-1-6,France
15,Ava Thompson,mhale@hotmail.com,+1-488-849-5644,2022-4-10,France
16,Elijah Harris,wattstimothy@gmail.com,+1-756-803-6287,2022-5-15,Australia
17,Emma Walker,shawn30@yahoo.com,+1-361-527-7096,2022-11-11,Brazil
18,Olivia Harris,jamiereed@aol.com,+1-170-001-7999,2022-3-10,Brazil
19,Noah Lewis,wbentley@outlook.com,+1-477-782-2583,2023-1-26,France
20,James Thompson,crystal31@aol.com,+1-376-098-1082,2024-5-16,India
21,Sophia Harris,tiffany51@berkeley.edu,+1-972-951-5218,2023-7-14,Brazil
22,Emma Clark,taylorandrews@gmail.com,+1-561-558-9626,2023-2-7,USA
23,Noah Allen,frenchjessica@nonprofit.org,+1-790-606-9865,2024-6-24,UK
24,Noah White,alexis84@outlook.com,+1-150-247-9702,2022-5-24,Germany
25,Ava Allen,tammy39@berkeley.edu,+1-630-244-2679,2022-8-9,Germany
26,Sophia Walker,smithjames@hotmail.com,+1-489-891-3811,2022-4-4,Brazil
27,Sophia Lewis,shannonstephen@aol.com,+1-600-796-0407,2023-8-26,Germany
28,Ava Thompson,rphillips@nonprofit.org,+1-710-392-2052,2022-11-13,UK
29,Noah Harris,jcook@hotmail.com,+1-509-576-9013,2024-6-29,Brazil
30,Emma White,lmyers@nonprofit.org,+1-183-679-8809,2023-5-26,Canada
31,Liam Thompson,clarklaura@nonprofit.org,+1-207-743-2516,2023-10-27,UK
32,Oliver Allen,evanspriscilla@gmail.com,+1-741-816-7033,2022-12-11,Canada
33,Olivia Hall,alishahayes@yahoo.com,+1-868-289-9700,2022-7-26,USA
34,James Lewis,derrick46@berkeley.edu,+1-316-319-4942,2024-2-6,Australia
35,Noah Thompson,pricephilip@outlook.com,+1-271-045-9157,2022-6-6,USA
36,Isabella White,leahbarry@hotmail.com,+1-451-419-5224,2023-2-19,Australia
37,Noah Hall,jamesgutierrez@outlook.com,+1-612-860-8587,2023-11-5,France
38,Isabella Walker,thomas05@gmail.com,+1-312-859-6402,2022-6-17,France
39,Olivia Allen,asanchez@nonprofit.org,+1-260-531-8445,2023-9-15,Japan
40,Isabella Clark,chadballard@outlook.com,+1-721-588-0874,2024-2-28,Brazil
41,Olivia Rodriguez,kristin30@outlook.com,+1-855-862-7655,2023-5-14,Germany
42,Elijah Clark,vincent68@aol.com,+1-598-372-7957,2023-12-4,USA
43,Noah Walker,angela99@hotmail.com,+1-889-942-5124,2023-11-1,UK
44,Elijah Lewis,urosario@hotmail.com,+1-573-808-5551,2024-3-24,Brazil
45,Liam Hall,smithamy@berkeley.edu,+1-323-224-5933,2024-6-23,Brazil
46,Noah Clark,kurtharris@outlook.com,+1-494-280-5192,2024-1-28,Brazil
47,Ava Anderson,lozanoamanda@gmail.com,+1-642-416-8604,2024-11-28,Japan
48,Elijah Anderson,emays@berkeley.edu,+1-833-208-6520,2023-10-6,USA
49,Ava Clark,joshuawebb@yahoo.com,+1-868-720-5952,2022-11-23,Germany
50,James Clark,agarcia@berkeley.edu,+1-718-372-3220,2025-1-13,India
51,Emma Walker,jsexton@nonprofit.org,+1-956-750-1675,2025-2-4,UK
52,James Lewis,lisa66@yahoo.com,+1-676-626-2797,2024-12-29,India
53,Noah White,holderbrianna@berkeley.edu,+1-600-199-3500,2023-3-18,India
54,Isabella Anderson,vstone@berkeley.edu,+1-178-270-2413,2024-9-10,Australia
55,Sophia White,charles09@yahoo.com,+1-274-852-7680,2022-9-27,USA
56,Elijah White,pearsonjulie@nonprofit.org,+1-294-658-5973,2025-2-24,Brazil
57,Isabella Harris,tylerlogan@berkeley.edu,+1-671-011-4797,2022-11-6,Germany
58,Liam Hall,alison24@nonprofit.org,+1-865-156-4130,2022-12-24,Canada
59,Noah Clark,brandonmendez@nonprofit.org,+1-681-893-6293,2022-12-13,Germany
60,Liam Rodriguez,katrinahall@outlook.com,+1-133-721-5960,2023-5-19,UK
61,Liam Lewis,ywhite@aol.com,+1-914-694-9364,2022-12-5,Mexico
62,Emma Anderson,fjohnson@aol.com,+1-783-331-2865,2022-5-30,UK
63,Sophia Thompson,nweiss@hotmail.com,+1-794-673-4469,2023-12-15,Japan
64,Sophia Walker,thompsonmichael@outlook.com,+1-529-852-9799,2023-6-22,India
65,James Thompson,alyssa74@nonprofit.org,+1-841-174-2032,2024-11-26,Germany
66,Ava Lewis,alexandra05@berkeley.edu,+1-903-112-5403,2023-1-18,Mexico
67,James Thompson,tstephens@gmail.com,+1-703-027-1805,2023-3-21,Australia
68,Sophia Anderson,thomasjay@berkeley.edu,+1-355-601-8648,2023-11-29,Japan
69,Oliver Thompson,karen62@nonprofit.org,+1-502-153-2621,2023-11-8,Australia
70,Liam Anderson,wallaceshannon@nonprofit.org,+1-770-773-8532,2024-1-7,Australia
71,Noah Thompson,patricia06@yahoo.com,+1-380-415-6741,2024-10-14,UK
72,Emma White,vasquezchristopher@hotmail.com,+1-117-077-7414,2024-3-18,Japan
73,Ava Clark,jamesjessica@nonprofit.org,+1-812-848-5904,2024-9-14,Australia
74,Ava Lewis,xthomas@hotmail.com,+1-627-577-4483,2023-7-18,UK
75,Isabella Rodriguez,brendaflores@gmail.com,+1-977-187-4474,2025-1-6,Brazil
76,Liam Allen,gomeztina@berkeley.edu,+1-833-658-3722,2024-5-7,India
77,Sophia Anderson,michelleramirez@hotmail.com,+1-412-336-0934,2024-12-6,USA
78,Isabella Hall,craig95@nonprofit.org,+1-769-417-2402,2022-7-27,Mexico
79,James Lewis,esherman@hotmail.com,+1-731-827-5012,2024-4-25,UK
80,Isabella Anderson,cmaldonado@yahoo.com,+1-136-635-3141,2022-12-29,India
81,Oliver Anderson,nicholasortiz@outlook.com,+1-849-730-9453,2022-4-2,UK
82,Oliver Hall,anne01@berkeley.edu,+1-983-219-9488,2022-7-3,Germany
83,James Hall,kevin86@nonprofit.org,+1-513-578-0074,2024-4-2,UK
84,Emma Harris,lmoore@berkeley.edu,+1-800-801-6680,2022-4-17,Japan
85,Sophia Allen,danielkim@nonprofit.org,+1-990-740-5788,2022-9-20,France
86,Ava Rodriguez,powersarthur@hotmail.com,+1-558-224-4847,2024-9-11,USA
87,Liam Thompson,fjones@aol.com,+1-881-217-7840,2022-5-22,USA
88,Liam Thompson,williamsemily@aol.com,+1-711-389-9375,2024-12-22,Germany
89,James White,lauramcbride@gmail.com,+1-329-385-0554,2023-2-1,UK
90,Ava Allen,maryhuynh@hotmail.com,+1-690-819-4661,2024-12-20,Canada
91,Elijah Walker,elee@aol.com,+1-884-589-2945,2023-5-7,Australia
92,Noah Clark,fmeadows@hotmail.com,+1-358-111-0972,2023-2-13,Mexico
93,Olivia Harris,asmith@gmail.com,+1-776-629-0377,2024-12-24,USA
94,Emma Allen,mariakemp@berkeley.edu,+1-653-556-5284,2022-5-31,Mexico
95,Emma Hall,qmontes@outlook.com,+1-711-666-0970,2024-3-27,USA
96,Elijah Thompson,slivingston@gmail.com,+1-548-322-5955,2024-8-1,Australia
97,Liam Hall,johnsonfrank@aol.com,+1-704-727-3586,2024-6-3,Germany
98,Olivia Allen,anthonyrandy@gmail.com,+1-439-476-4375,2022-7-3,Australia
99,Olivia Lewis,nwilliamson@berkeley.edu,+1-419-529-5668,2023-7-18,Mexico
100,Noah Thompson,johnescobar@nonprofit.org,+1-214-811-8587,2024-1-11,Brazil
101,Oliver Harris,kelleyjessica@outlook.com,+1-523-734-3971,2024-12-12,France
102,Olivia Thompson,barnesnathan@gmail.com,+1-478-436-1962,2022-4-22,India
103,Elijah Clark,warrenbruce@hotmail.com,+1-372-617-6735,2022-10-14,India
104,Noah Allen,autumnhutchinson@gmail.com,+1-502-259-9257,2024-6-4,India
105,Noah Lewis,kbrown@nonprofit.org,+1-694-543-6131,2023-2-10,Brazil
106,Ava Rodriguez,imiller@yahoo.com,+1-225-985-6225,2022-9-7,Canada
107,Isabella Lewis,nancyjackson@berkeley.edu,+1-888-250-6488,2024-1-6,France
108,James Hall,rileyrachel@gmail.com,+1-748-916-6946,2022-4-18,Australia
109,Ava Clark,crystal59@berkeley.edu,+1-936-467-0158,2025-1-11,USA
110,Noah Harris,jesse52@gmail.com,+1-314-934-3973,2022-6-29,France
111,Elijah Rodriguez,elizabeth86@berkeley.edu,+1-557-476-8625,2025-3-1,UK
112,Noah Hall,aaronpatterson@yahoo.com,+1-158-830-3045,2023-10-29,Mexico
113,James Lewis,zkline@nonprofit.org,+1-943-250-8465,2024-7-5,France
114,Olivia Hall,malonekenneth@gmail.com,+1-146-774-1019,2024-10-9,Canada
115,Olivia Clark,lisaholland@hotmail.com,+1-409-408-2453,2023-3-10,Mexico
116,Sophia Harris,michaellove@gmail.com,+1-914-053-6054,2024-3-6,Canada
117,Elijah Clark,yolsen@nonprofit.org,+1-897-346-2501,2024-1-5,France
118,James White,lauratorres@hotmail.com,+1-991-221-3780,2024-11-16,France
119,Sophia Lewis,robertconley@outlook.com,+1-901-657-4752,2023-12-5,France
120,Liam Clark,crystal92@aol.com,+1-899-612-0399,2023-5-7,France
121,James Harris,harrisonstephanie@nonprofit.org,+1-187-150-3184,2024-12-24,France
122,Emma Clark,tiffany00@berkeley.edu,+1-255-941-4647,2022-12-16,India
123,Noah Anderson,duanewashington@nonprofit.org,+1-954-665-6873,2022-3-17,Australia
124,Ava Walker,joshua54@gmail.com,+1-215-588-3267,2023-3-28,Australia
125,Isabella Lewis,robert02@gmail.com,+1-405-041-3889,2023-4-24,Brazil
126,Emma Clark,hernandezjames@yahoo.com,+1-306-018-6998,2024-5-21,Australia
127,Sophia Harris,william94@aol.com,+1-141-505-3342,2025-3-8,Germany
128,Liam Allen,walkeramy@aol.com,+1-548-009-4717,2023-2-28,USA
129,Sophia Clark,lsosa@aol.com,+1-337-789-5800,2025-1-29,UK
130,Emma Lewis,holdersamantha@gmail.com,+1-669-961-2492,2022-8-2,Canada
131,Oliver Allen,kenneth97@yahoo.com,+1-856-937-8799,2023-11-30,Mexico
132,Ava Thompson,eileenmiller@outlook.com,+1-948-117-2451,2023-1-16,Mexico
133,Olivia Hall,tiffanyperez@hotmail.com,+1-794-563-2192,2022-10-9,Mexico
134,Elijah Allen,johnsontom@aol.com,+1-618-327-0222,2022-10-17,UK
135,James Allen,benjaminstevens@berkeley.edu,+1-667-315-4716,2023-8-27,France
136,Emma White,pwatkins@berkeley.edu,+1-802-660-1355,2024-9-11,Mexico
137,Sophia Harris,fparker@yahoo.com,+1-710-915-9428,2025-3-1,Mexico
138,Ava Harris,smithjeff@yahoo.com,+1-221-966-9410,2023-10-23,Canada
139,Oliver Thompson,aaronneal@hotmail.com,+1-799-121-2841,2024-2-19,Canada
140,Isabella Clark,cunninghamgrant@nonprofit.org,+1-841-038-7819,2024-2-23,Japan
141,Olivia Rodriguez,katherine18@nonprofit.org,+1-882-224-7455,2022-11-28,Canada
142,Liam Lewis,travismedina@aol.com,+1-261-072-0711,2024-7-5,Brazil
143,James White,thomas60@outlook.com,+1-977-829-2111,2024-5-15,Mexico
144,Noah Rodriguez,jennifersanchez@aol.com,+1-719-298-1806,2025-2-4,UK
145,Oliver Walker,katieyoung@aol.com,+1-857-696-9721,2023-9-29,Germany
146,Olivia Thompson,brianna88@hotmail.com,+1-418-866-9152,2023-3-10,Mexico
147,Elijah Walker,joshuasmith@nonprofit.org,+1-789-919-1849,2022-6-23,Japan
148,Sophia Walker,edwardlee@yahoo.com,+1-304-587-6586,2023-9-30,Australia
149,Elijah Harris,christopherbaker@nonprofit.org,+1-100-274-9130,2023-2-12,USA
150,Emma Thompson,robert89@aol.com,+1-563-692-2703,2022-8-30,Japan
151,Olivia Anderson,larry58@yahoo.com,+1-548-735-6942,2022-5-21,Canada
152,Elijah Anderson,karenconley@gmail.com,+1-132-466-8860,2022-4-18,UK
153,Liam Thompson,kevinbrown@hotmail.com,+1-122-290-7984,2023-3-12,India
154,Ava Anderson,michaela99@gmail.com,+1-578-676-7667,2022-9-23,Australia
155,Liam Anderson,iwilliams@hotmail.com,+1-793-934-7791,2024-3-10,India
156,Isabella Rodriguez,ymontgomery@gmail.com,+1-591-785-9209,2024-2-19,Mexico
157,Isabella Allen,neil82@berkeley.edu,+1-972-419-9459,2023-4-16,Australia
158,Sophia Walker,hughesjoshua@outlook.com,+1-412-516-4302,2023-2-11,Canada
159,Noah Hall,adamcochran@outlook.com,+1-879-438-9506,2023-1-6,India
160,Liam Anderson,ttate@nonprofit.org,+1-252-368-1839,2024-7-2,Brazil
161,James Walker,sullivandavid@aol.com,+1-694-749-7272,2022-8-25,Canada
162,Olivia Lewis,markbrooks@yahoo.com,+1-536-032-3116,2023-10-24,Canada
163,James White,taylorwilliam@berkeley.edu,+1-834-268-7714,2023-10-1,India
164,Oliver Anderson,hendrixanthony@hotmail.com,+1-319-704-4195,2025-3-2,Germany
165,James Clark,harmonjamie@hotmail.com,+1-262-518-1756,2023-1-15,Canada
166,Oliver White,petersmichael@aol.com,+1-797-791-1280,2024-5-19,Australia
167,Olivia Lewis,phillipgregory@berkeley.edu,+1-935-603-9402,2022-12-27,Japan
168,Liam Harris,eileencrawford@berkeley.edu,+1-835-242-9970,2025-3-1,Japan
169,Isabella Walker,jscott@hotmail.com,+1-730-795-7228,2023-8-19,India
170,Noah Clark,ramosfrederick@yahoo.com,+1-855-241-5094,2022-9-11,Canada
171,Noah Walker,gdavis@nonprofit.org,+1-254-827-1403,2023-3-27,France
172,James Anderson,stewarttyler@nonprofit.org,+1-992-177-9767,2023-10-13,France
173,Sophia Rodriguez,walljoshua@hotmail.com,+1-432-911-0744,2023-8-4,India
174,Olivia Thompson,loricampbell@outlook.com,+1-687-946-1576,2022-6-10,Germany
175,Liam Thompson,susan30@gmail.com,+1-733-628-6559,2025-1-2,Canada
176,Noah Hall,vanessaalexander@berkeley.edu,+1-918-636-8999,2024-3-23,Japan
177,Sophia Lewis,diane86@aol.com,+1-238-127-8280,2022-5-19,Australia
178,Isabella White,wrighttaylor@aol.com,+1-662-666-2969,2024-6-17,USA
179,James Hall,tarascott@hotmail.com,+1-257-912-6571,2023-7-12,Canada
180,Elijah Hall,steven26@hotmail.com,+1-396-179-1188,2023-12-12,USA
181,Ava Hall,ubrown@outlook.com,+1-985-343-4790,2023-8-18,UK
182,Oliver Lewis,mitchellbrian@aol.com,+1-676-435-4914,2022-5-6,USA
183,Ava Harris,jeffrey90@aol.com,+1-824-177-0760,2022-3-12,France
184,Sophia Allen,davidortiz@gmail.com,+1-524-473-2070,2025-1-14,Germany
185,Emma Rodriguez,danamueller@hotmail.com,+1-272-501-3589,2022-11-29,Japan
186,Olivia Rodriguez,brian95@yahoo.com,+1-496-226-2298,2024-2-28,Japan
187,Isabella Hall,katherine29@outlook.com,+1-939-070-5325,2024-6-19,USA
188,Isabella Thompson,dlee@outlook.com,+1-138-369-7751,2022-12-10,Australia
189,Olivia Rodriguez,cindy25@berkeley.edu,+1-369-265-5212,2024-9-10,Mexico
190,Elijah Anderson,austinsteven@berkeley.edu,+1-547-924-3992,2023-5-6,Brazil
191,Oliver Anderson,michaelkeller@aol.com,+1-247-987-7905,2022-7-17,Japan
192,Isabella Lewis,smithmichelle@outlook.com,+1-940-888-3754,2023-4-2,Japan
193,Noah Harris,jeffreyclark@berkeley.edu,+1-570-199-3952,2023-9-14,UK
194,Oliver Harris,heatherjimenez@berkeley.edu,+1-523-712-8526,2023-6-1,UK
195,Ava Clark,ywilson@berkeley.edu,+1-217-717-0848,2022-3-28,Canada
196,Isabella Allen,mcgeejessica@outlook.com,+1-508-004-7578,2025-1-2,Canada
197,Liam Rodriguez,mhorn@aol.com,+1-681-573-7785,2022-10-31,Mexico
198,Oliver Lewis,ugalvan@outlook.com,+1-959-205-8800,2024-8-29,Japan
199,Olivia Anderson,garciabrian@aol.com,+1-891-467-2507,2025-2-23,UK
200,Oliver Harris,mitchellholt@outlook.com,+1-970-659-4166,2023-11-10,Germany
201,Elijah Rodriguez,thompsonbruce@yahoo.com,+1-344-647-5708,2024-4-8,Germany
202,Elijah Walker,halljohn@hotmail.com,+1-439-625-3485,2024-10-8,France
203,Noah Anderson,christinabarajas@gmail.com,+1-347-258-2076,2022-3-12,Germany
204,Noah Rodriguez,royrollins@gmail.com,+1-338-436-3098,2024-6-8,Germany
205,Liam Hall,troyparks@aol.com,+1-959-464-2253,2023-8-7,USA
206,James Allen,lhenson@nonprofit.org,+1-760-929-1761,2024-9-12,Brazil
207,Sophia Anderson,jvasquez@aol.com,+1-219-801-9456,2023-8-25,Australia
208,Noah Hall,davistheresa@aol.com,+1-814-716-0412,2023-9-21,USA
209,Olivia Harris,victor06@outlook.com,+1-646-014-5249,2024-9-26,Canada
210,James Harris,yorkkelsey@aol.com,+1-672-718-5384,2025-1-10,Canada
211,Noah Anderson,karenbeasley@berkeley.edu,+1-428-327-8311,2022-9-5,Brazil
212,Ava Allen,moodybobby@gmail.com,+1-989-644-0435,2025-2-3,UK
213,Oliver Harris,bcolon@outlook.com,+1-470-541-9421,2024-6-27,India
214,Emma Allen,audreywest@aol.com,+1-643-361-1438,2023-11-17,Japan
215,Isabella Lewis,wbryan@yahoo.com,+1-876-177-1850,2023-3-3,Canada
216,Olivia White,thomaschristopher@aol.com,+1-574-991-2071,2024-6-3,UK
217,Sophia Walker,gregorygreen@yahoo.com,+1-596-954-1625,2024-1-5,France
218,James Hall,traviscarey@nonprofit.org,+1-647-683-1407,2023-1-23,USA
219,Sophia Anderson,johnpowers@berkeley.edu,+1-910-463-5908,2022-12-25,Canada
220,Oliver Harris,megan85@outlook.com,+1-436-647-3293,2022-12-8,Canada
221,Ava Clark,christian28@nonprofit.org,+1-739-691-9617,2023-10-8,Japan
222,James Allen,nguyenamy@yahoo.com,+1-804-071-1117,2024-11-13,UK
223,Emma Thompson,kristi40@berkeley.edu,+1-749-277-6357,2024-8-13,India
224,Elijah Clark,allenemily@yahoo.com,+1-181-390-1713,2022-9-20,Mexico
225,Elijah Walker,leetina@yahoo.com,+1-107-548-8522,2024-2-7,Mexico
226,Noah Anderson,pughlori@yahoo.com,+1-351-413-7261,2022-8-5,UK
227,Emma Walker,xandrews@outlook.com,+1-688-360-0293,2024-9-23,Canada
228,Isabella Allen,michaelbanks@gmail.com,+1-691-570-7153,2024-12-23,UK
229,Emma Thompson,steven16@berkeley.edu,+1-646-095-1194,2023-8-1,France
230,James Anderson,benjaminscott@hotmail.com,+1-356-351-9730,2024-2-21,Canada
231,Emma Lewis,mowens@outlook.com,+1-992-061-3717,2024-11-5,India
232,Isabella Anderson,normanmichael@nonprofit.org,+1-169-954-8618,2024-8-6,USA
233,Ava Allen,darren11@aol.com,+1-881-916-4863,2023-3-22,France
234,Olivia Clark,collinsjoseph@nonprofit.org,+1-729-015-7692,2022-5-20,Germany
235,Ava White,chelsea93@nonprofit.org,+1-827-411-1632,2025-1-29,Canada
236,Sophia White,jreyes@aol.com,+1-387-026-3617,2022-3-26,Germany
237,Noah Thompson,hallsharon@nonprofit.org,+1-366-264-8259,2023-1-23,India
238,Elijah Hall,ccortez@outlook.com,+1-806-058-8388,2023-6-2,France
239,Olivia Clark,samantha57@hotmail.com,+1-531-807-7529,2023-7-14,France
240,James Harris,amooney@berkeley.edu,+1-301-301-0333,2024-5-22,Brazil
241,Ava Thompson,matthewware@outlook.com,+1-516-580-2339,2023-2-27,Canada
242,Ava Clark,danielle34@hotmail.com,+1-838-791-6269,2023-10-25,Mexico
243,James Rodriguez,adamsmonica@outlook.com,+1-602-621-1959,2022-6-29,Germany
244,James Anderson,jeffrey32@aol.com,+1-539-553-9798,2023-11-29,Brazil
245,Olivia Clark,john36@hotmail.com,+1-631-960-4620,2023-1-8,Brazil
246,Sophia Rodriguez,powellmichael@outlook.com,+1-193-796-4768,2023-8-16,Canada
247,Sophia White,mccarthylarry@outlook.com,+1-183-420-3408,2023-4-25,Japan
248,Emma Allen,caitlin90@hotmail.com,+1-329-511-8066,2023-7-25,India
249,Noah Hall,smorales@berkeley.edu,+1-369-237-4599,2024-3-24,UK
250,Elijah Allen,barbara18@gmail.com,+1-709-040-4370,2024-7-6,Australia
251,James Allen,heidi13@outlook.com,+1-416-140-0958,2022-9-27,India
252,Isabella Clark,zcolon@outlook.com,+1-494-358-3532,2024-12-18,Germany
253,Sophia Thompson,jennifer42@yahoo.com,+1-460-320-4820,2023-3-21,USA
254,Emma Lewis,hgibson@nonprofit.org,+1-833-337-4896,2022-8-25,France
255,Ava Rodriguez,nicolestone@yahoo.com,+1-374-645-7942,2023-7-30,UK
256,Ava Lewis,daniellethompson@berkeley.edu,+1-819-192-5510,2023-7-27,Canada
257,Olivia White,henrybelinda@outlook.com,+1-745-129-2152,2025-1-19,USA
258,James Hall,kmatthews@hotmail.com,+1-175-634-0119,2022-6-25,Japan
259,Ava Hall,kimberly25@outlook.com,+1-136-567-8488,2024-6-2,Japan
260,Sophia Walker,glenn04@nonprofit.org,+1-983-207-2806,2024-5-17,Japan
261,Emma Rodriguez,jeffery31@berkeley.edu,+1-622-693-8117,2024-1-7,Australia
262,Olivia Hall,byrdanthony@outlook.com,+1-462-693-9416,2024-8-9,Germany
263,Elijah Lewis,theresa71@outlook.com,+1-129-833-1287,2023-8-9,Mexico
264,Ava Lewis,uwade@hotmail.com,+1-173-214-1450,2022-6-7,Brazil
265,Oliver Thompson,thomaslogan@outlook.com,+1-736-601-2337,2023-11-3,France
266,Oliver Clark,timothy04@nonprofit.org,+1-307-735-3366,2024-11-14,UK
267,Oliver White,kaylavazquez@yahoo.com,+1-971-302-9697,2024-7-12,India
268,Noah Hall,slarsen@aol.com,+1-241-065-0739,2022-3-21,Australia
269,Emma Anderson,eric35@nonprofit.org,+1-723-123-3977,2023-4-15,USA
270,Liam Allen,brookejohnson@gmail.com,+1-753-427-9598,2024-1-11,Germany
271,Elijah Allen,anthony78@aol.com,+1-835-107-1116,2024-8-1,India
272,Emma Anderson,hhernandez@yahoo.com,+1-268-529-8635,2023-1-18,Germany
273,Ava Rodriguez,ethangilbert@berkeley.edu,+1-284-484-0353,2022-8-19,France
274,Isabella Lewis,megan53@berkeley.edu,+1-890-300-3582,2022-9-9,USA
275,Liam Rodriguez,mario50@hotmail.com,+1-869-702-9478,2023-12-2,India
276,Liam Harris,hilltimothy@aol.com,+1-140-690-8543,2022-5-18,Brazil
277,Oliver Clark,waynehernandez@hotmail.com,+1-235-918-3058,2022-9-5,India
278,Olivia Lewis,katelyn94@berkeley.edu,+1-897-501-0335,2023-10-5,France
279,Liam Walker,vrios@berkeley.edu,+1-963-862-2308,2024-3-16,Canada
280,James Clark,kcabrera@outlook.com,+1-471-158-7791,2024-3-5,Germany
281,Sophia Harris,brandi45@outlook.com,+1-803-932-7946,2025-1-21,India
282,Elijah Anderson,gbray@berkeley.edu,+1-692-066-1343,2022-5-22,Mexico
283,Oliver Lewis,christineortiz@aol.com,+1-305-197-4858,2023-7-30,Mexico
284,Noah Thompson,browndaniel@aol.com,+1-146-751-1493,2023-3-17,Australia
285,Olivia White,sjohnson@yahoo.com,+1-955-597-3056,2022-9-16,Mexico
286,Ava Harris,brooksdavid@gmail.com,+1-225-630-1193,2024-7-5,Japan
287,Sophia Hall,echang@aol.com,+1-448-784-8309,2024-3-11,Australia
288,Emma Lewis,joshua22@hotmail.com,+1-846-197-4734,2022-12-11,UK
289,Noah Harris,mariafleming@nonprofit.org,+1-330-344-7442,2023-12-1,Canada
290,Isabella Anderson,armstrongsuzanne@yahoo.com,+1-770-852-8341,2024-11-25,Japan
291,Olivia Harris,kathryn17@nonprofit.org,+1-784-461-1796,2022-9-7,Germany
292,Ava Anderson,thompsonnathaniel@yahoo.com,+1-745-245-5247,2022-9-1,India
293,Sophia Thompson,ysharp@yahoo.com,+1-974-176-1796,2024-9-11,Germany
294,Elijah Lewis,christopher73@outlook.com,+1-419-579-0400,2024-10-2,Canada
295,Isabella Allen,jessica55@berkeley.edu,+1-131-272-8735,2023-2-26,USA
296,Liam Walker,tcompton@hotmail.com,+1-321-272-1838,2024-8-24,Brazil
297,Isabella Rodriguez,williamchapman@yahoo.com,+1-772-691-5417,2024-11-30,Japan
298,Elijah Lewis,ablackburn@hotmail.com,+1-959-089-6780,2025-1-5,Australia
299,Elijah Anderson,lboyd@gmail.com,+1-748-607-2023,2024-1-14,Germany
300,Liam White,zbarajas@nonprofit.org,+1-951-035-6392,2024-6-26,UK
301,Ava Lewis,denise76@yahoo.com,+1-865-086-1808,2023-9-9,India
302,James Hall,paul77@aol.com,+1-194-369-5054,2024-1-9,Germany
303,Emma Clark,richardsonpaul@aol.com,+1-494-396-4703,2023-4-28,Germany
304,Elijah Rodriguez,chapmanchristina@yahoo.com,+1-428-123-8952,2022-7-16,Japan
305,Oliver Walker,osmith@hotmail.com,+1-327-950-7724,2023-9-4,France
306,Isabella Walker,jvelazquez@hotmail.com,+1-575-067-2683,2025-2-28,UK
307,James Lewis,christinemoreno@berkeley.edu,+1-489-410-8659,2023-2-17,USA
308,Liam Clark,shelby03@hotmail.com,+1-696-401-3185,2024-6-22,Germany
309,Liam Rodriguez,rodriguezadam@aol.com,+1-757-710-8989,2023-10-21,France
310,Elijah Rodriguez,claudia91@aol.com,+1-953-293-5808,2022-11-13,France
311,James Anderson,martinjohn@outlook.com,+1-154-306-5933,2022-11-28,Mexico
312,Liam Allen,karen10@yahoo.com,+1-464-404-1634,2022-8-6,UK
313,Ava Hall,sean87@outlook.com,+1-466-242-4873,2022-10-29,Brazil
314,Olivia Harris,patricia42@nonprofit.org,+1-686-430-6709,2022-8-11,France
315,Ava Allen,shane36@yahoo.com,+1-570-938-1809,2023-1-3,Mexico
316,Ava Walker,darrenvalencia@gmail.com,+1-559-971-2049,2022-10-25,Brazil
317,Elijah Allen,sharon01@aol.com,+1-794-562-7397,2022-6-17,Mexico
318,Oliver Anderson,juliejones@outlook.com,+1-483-489-9706,2023-12-4,France
319,Olivia Rodriguez,karen29@yahoo.com,+1-777-271-5579,2023-9-28,Australia
320,James Thompson,welchjessica@yahoo.com,+1-653-127-3885,2022-3-15,Japan
321,Elijah White,smithbreanna@nonprofit.org,+1-841-094-1341,2022-4-17,Japan
322,James Clark,jonesdaniel@hotmail.com,+1-732-094-4472,2022-3-12,Mexico
323,Olivia Thompson,snowmichele@berkeley.edu,+1-298-705-6436,2025-1-24,France
324,Isabella Allen,powellcharles@nonprofit.org,+1-604-430-6404,2024-11-15,Brazil
325,Olivia Thompson,henryellen@gmail.com,+1-553-547-6302,2025-2-16,USA
326,Liam Anderson,martinsheppard@yahoo.com,+1-162-483-5952,2024-12-12,Canada
327,Oliver Walker,kathleen87@yahoo.com,+1-791-816-9153,2023-4-21,Japan
328,Ava Walker,michael01@yahoo.com,+1-686-047-2185,2025-2-18,France
329,Olivia Thompson,hfox@gmail.com,+1-901-868-2699,2023-2-1,Japan
330,Oliver Clark,lopezdiana@hotmail.com,+1-910-552-1325,2023-11-6,Australia
331,Ava Lewis,cfry@berkeley.edu,+1-298-438-5747,2024-8-13,Australia
332,Sophia Rodriguez,mannalexis@berkeley.edu,+1-373-805-8138,2023-7-25,Mexico
333,Sophia Anderson,litimothy@aol.com,+1-177-346-8467,2023-2-23,Germany
334,Sophia Hall,michaelwhitehead@hotmail.com,+1-301-761-8911,2024-12-10,Brazil
335,Emma Harris,armstrongjade@yahoo.com,+1-810-905-2227,2023-6-18,UK
336,Sophia Lewis,clarkbriana@nonprofit.org,+1-635-717-6448,2024-12-30,UK
337,Ava Hall,hbryan@berkeley.edu,+1-999-740-5957,2023-8-17,Germany
338,Noah Allen,robingonzalez@nonprofit.org,+1-376-266-2394,2022-9-9,Japan
339,Noah Walker,apriltorres@yahoo.com,+1-572-720-5183,2024-3-19,Germany
340,Sophia White,crystalbrooks@berkeley.edu,+1-424-899-7156,2023-2-24,France
341,Ava Harris,benjamin39@outlook.com,+1-499-595-7964,2023-12-6,India
342,Elijah Rodriguez,morgan60@berkeley.edu,+1-381-091-3594,2022-5-14,India
343,Noah Walker,jacobsonoscar@hotmail.com,+1-612-275-7598,2024-5-30,Mexico
344,Elijah Thompson,anthonyfitzgerald@berkeley.edu,+1-786-218-5817,2023-6-23,Mexico
345,Oliver Rodriguez,matthewmunoz@berkeley.edu,+1-746-453-8134,2024-1-20,Canada
346,Ava Thompson,ronaldreed@yahoo.com,+1-590-991-0977,2024-4-12,India
347,Emma Lewis,ybyrd@yahoo.com,+1-863-640-8080,2024-10-17,Germany
348,Ava Thompson,martinwilliamson@gmail.com,+1-701-438-3491,2022-12-21,Japan
349,Liam Walker,cruzjodi@berkeley.edu,+1-873-910-6231,2023-9-7,France
350,Noah Lewis,pamela74@berkeley.edu,+1-451-870-7353,2024-10-9,Canada
351,Sophia Anderson,perryjames@aol.com,+1-404-120-6602,2024-5-15,Mexico
352,Isabella Anderson,rcampbell@aol.com,+1-650-137-0965,2024-10-1,Canada
353,Ava Clark,dianagood@outlook.com,+1-356-062-0621,2023-11-19,UK
354,James Harris,cwalker@berkeley.edu,+1-597-114-8345,2025-2-3,India
355,Liam Hall,ebailey@outlook.com,+1-471-592-2777,2022-10-10,Japan
356,Oliver Allen,ljackson@yahoo.com,+1-286-001-6804,2023-4-23,Germany
357,James Thompson,ashleyjohnston@hotmail.com,+1-700-403-3662,2025-3-7,France
358,James Walker,brownveronica@outlook.com,+1-102-325-9397,2024-7-30,USA
359,Oliver Walker,henryjohnson@nonprofit.org,+1-650-453-4611,2024-2-21,USA
360,Oliver Thompson,deckermegan@yahoo.com,+1-333-165-2798,2022-11-29,Japan
361,Oliver Walker,uconway@yahoo.com,+1-694-863-1656,2022-10-11,Brazil
362,Elijah Thompson,jonesbianca@nonprofit.org,+1-490-248-6251,2023-6-7,UK
363,Ava White,ronaldmartinez@hotmail.com,+1-809-116-6111,2024-3-18,UK
364,Emma Hall,linroberto@nonprofit.org,+1-514-197-1475,2025-3-6,Brazil
365,Olivia Harris,alexander40@nonprofit.org,+1-891-556-3039,2023-10-28,Australia
366,Emma Walker,adam79@hotmail.com,+1-963-871-8684,2022-3-26,USA
367,Noah Lewis,alexis04@outlook.com,+1-545-156-2548,2024-10-12,USA
368,Elijah Clark,veronica94@outlook.com,+1-776-835-7427,2023-12-1,Canada
369,Olivia Allen,michael43@berkeley.edu,+1-818-496-6113,2022-12-17,UK
370,Sophia Rodriguez,alexander04@hotmail.com,+1-894-436-6165,2024-12-14,Brazil
371,Ava Walker,chelseadavis@outlook.com,+1-383-765-2181,2023-3-26,Germany
372,Elijah Lewis,nicholas91@yahoo.com,+1-704-731-6006,2024-12-11,USA
373,James Walker,markevans@outlook.com,+1-280-603-4643,2023-1-7,Australia
374,Liam Clark,kfrank@gmail.com,+1-436-455-6433,2024-2-5,USA
375,Elijah Walker,josephcasey@nonprofit.org,+1-846-196-6887,2023-1-6,Germany
376,Liam White,crystalwright@outlook.com,+1-609-788-5774,2024-3-21,France
377,Sophia White,robertsmith@gmail.com,+1-520-684-4153,2023-2-27,UK
378,Oliver Allen,butlersandra@aol.com,+1-243-000-2888,2024-6-20,India
379,Isabella Anderson,jason09@yahoo.com,+1-136-604-2720,2024-8-4,Brazil
380,Ava Rodriguez,perrywendy@outlook.com,+1-488-069-9086,2024-11-22,Brazil
381,Oliver Harris,flowersjulie@hotmail.com,+1-778-575-7784,2022-4-22,USA
382,Noah Anderson,montgomerycheryl@yahoo.com,+1-417-593-0921,2023-3-27,Japan
383,Emma Harris,pricebrandon@gmail.com,+1-345-272-1321,2022-3-9,Australia
384,Liam Rodriguez,aespinoza@berkeley.edu,+1-613-472-2517,2023-12-22,Japan
385,Elijah Walker,tammyparker@yahoo.com,+1-148-897-9751,2022-4-2,UK
386,Liam Rodriguez,lewiscynthia@outlook.com,+1-742-554-9265,2024-8-22,USA
387,Sophia White,sara43@outlook.com,+1-273-381-0047,2024-11-21,Canada
388,Isabella Rodriguez,scottjohn@outlook.com,+1-170-643-9247,2024-12-1,USA
389,Sophia Hall,annsmith@aol.com,+1-490-933-0757,2024-9-22,Canada
390,Isabella Rodriguez,amann@gmail.com,+1-116-893-7239,2022-8-7,Australia
391,Ava Thompson,figueroabilly@aol.com,+1-506-672-7090,2023-4-10,Brazil
392,Olivia Harris,wramos@hotmail.com,+1-209-185-7457,2023-11-11,India
393,Liam Lewis,elittle@nonprofit.org,+1-220-681-4879,2024-8-13,UK
394,Noah Allen,stephaniedillon@outlook.com,+1-626-523-4027,2024-12-3,USA
395,Sophia Clark,robertsjonathan@aol.com,+1-460-119-1621,2023-6-24,Australia
396,Liam Rodriguez,mary84@nonprofit.org,+1-142-010-5707,2022-3-20,Brazil
397,Noah White,jacqueline85@hotmail.com,+1-472-125-1546,2022-11-1,Brazil
398,Elijah Rodriguez,ycooper@nonprofit.org,+1-862-828-7071,2024-12-9,Australia
399,Emma Thompson,halekelly@yahoo.com,+1-686-440-1084,2023-11-1,Germany
400,Noah Rodriguez,brittany88@yahoo.com,+1-746-674-9621,2023-10-19,USA
401,Oliver Allen,josephleonard@hotmail.com,+1-545-134-3979,2023-4-27,Japan
402,Elijah Walker,meganroberts@aol.com,+1-628-572-7445,2024-12-20,India
403,Ava White,fallen@outlook.com,+1-937-885-4953,2023-12-26,Brazil
404,Olivia Clark,marshallmichael@gmail.com,+1-112-429-0309,2023-4-17,Japan
405,Oliver Clark,heathamy@yahoo.com,+1-501-959-6749,2025-2-6,USA
406,Sophia Lewis,stacymiller@hotmail.com,+1-552-165-3955,2022-4-29,Mexico
407,Oliver Harris,hdavis@hotmail.com,+1-295-869-2411,2023-5-3,Mexico
408,Liam Walker,rparker@aol.com,+1-569-852-9396,2023-11-30,UK
409,Emma Rodriguez,davisjennifer@gmail.com,+1-899-630-0012,2023-10-26,India
410,Elijah Hall,bethany47@nonprofit.org,+1-746-795-6704,2024-6-27,Canada
411,Olivia Clark,fhughes@nonprofit.org,+1-863-646-6825,2023-12-12,UK
412,Olivia Rodriguez,kcarr@aol.com,+1-276-764-5367,2024-6-29,UK
413,Sophia Thompson,daniel42@aol.com,+1-701-884-8267,2023-3-28,Brazil
414,Ava Anderson,obell@nonprofit.org,+1-685-736-5228,2024-12-11,Mexico
415,James Rodriguez,rlewis@gmail.com,+1-558-246-9926,2025-2-6,Japan
416,Noah Anderson,michellegalvan@hotmail.com,+1-627-126-5409,2023-2-4,India
417,Oliver Lewis,esmith@yahoo.com,+1-116-529-9006,2024-2-15,France
418,Elijah Hall,shari60@nonprofit.org,+1-599-470-0296,2024-10-20,Mexico
419,Emma Lewis,award@gmail.com,+1-691-662-2032,2024-7-4,Mexico
420,Olivia Anderson,susan98@outlook.com,+1-759-006-4195,2022-4-18,Mexico
421,Ava Harris,rogersjames@aol.com,+1-262-493-8122,2022-4-4,Australia
422,Liam Anderson,danny51@hotmail.com,+1-462-770-2807,2022-8-29,Japan
423,Ava Anderson,paulgraham@berkeley.edu,+1-504-922-9489,2025-1-18,Germany
424,Isabella Walker,fwade@hotmail.com,+1-466-041-2661,2023-12-18,Mexico
425,Liam White,brandi66@outlook.com,+1-816-742-7861,2023-3-2,India
426,Emma Harris,andrea11@berkeley.edu,+1-883-622-8234,2025-2-27,Germany
427,Isabella Hall,hlong@yahoo.com,+1-408-379-3176,2022-3-12,Canada
428,Sophia Clark,briangreen@aol.com,+1-349-907-7339,2024-1-23,Brazil
429,Sophia Lewis,xgregory@gmail.com,+1-850-657-1075,2024-6-22,Japan
430,James Allen,davischristina@berkeley.edu,+1-114-659-3302,2024-9-24,Australia
431,Sophia Allen,adam40@aol.com,+1-964-690-3078,2024-9-5,Australia
432,Olivia White,irwinangela@gmail.com,+1-922-304-7684,2024-8-21,Germany
433,Oliver Thompson,jillianfox@yahoo.com,+1-765-410-8392,2023-2-7,Germany
434,Oliver Anderson,juan49@gmail.com,+1-329-806-5810,2022-4-17,Australia
435,Emma Rodriguez,jphillips@yahoo.com,+1-268-331-2618,2023-2-21,France
436,Elijah Lewis,jasoncantrell@yahoo.com,+1-561-708-6979,2022-9-14,UK
437,Elijah Hall,wendythomas@yahoo.com,+1-172-729-0625,2024-10-28,Japan
438,Sophia Allen,estradaamanda@nonprofit.org,+1-215-868-9711,2023-1-19,India
439,Liam Hall,kelli29@nonprofit.org,+1-314-190-7636,2023-4-11,Mexico
440,Oliver Walker,zzimmerman@yahoo.com,+1-781-533-7179,2024-3-6,Mexico
441,Olivia Rodriguez,jerry62@berkeley.edu,+1-727-429-5251,2025-2-9,USA
442,Liam Clark,carterjoshua@gmail.com,+1-661-821-7870,2022-7-4,India
443,Ava Anderson,oruiz@yahoo.com,+1-553-309-1116,2024-6-27,UK
444,Ava Allen,kelli20@gmail.com,+1-861-661-5651,2023-1-26,USA
445,Liam Walker,james84@outlook.com,+1-555-831-9115,2022-10-2,Japan
446,Elijah Clark,robinwalls@yahoo.com,+1-239-725-0709,2023-6-11,Germany
447,Ava Allen,katiegillespie@gmail.com,+1-518-753-4813,2025-1-1,Brazil
448,Liam Hall,kristenrodriguez@yahoo.com,+1-268-251-1850,2022-5-11,India
449,Emma Thompson,roylee@berkeley.edu,+1-797-474-3332,2022-6-18,Australia
450,Oliver Hall,yanderson@yahoo.com,+1-663-238-5056,2022-10-7,Brazil
451,Noah Clark,jacob90@outlook.com,+1-668-913-0591,2024-5-22,India
452,Olivia Hall,henry78@aol.com,+1-120-574-8147,2022-9-2,France
453,Elijah Lewis,jessica03@nonprofit.org,+1-636-290-7659,2024-3-11,France
454,Emma Thompson,hoovertodd@aol.com,+1-159-117-7419,2023-2-25,UK
455,Ava Harris,kristin01@berkeley.edu,+1-672-972-3100,2022-10-15,Mexico
456,Isabella Rodriguez,robertunderwood@aol.com,+1-437-094-9115,2024-9-8,India
457,James Anderson,yjordan@nonprofit.org,+1-175-447-8952,2024-8-19,India
458,Ava Anderson,morrisonjacob@outlook.com,+1-865-124-8285,2024-11-2,Brazil
459,Sophia Hall,bethany62@outlook.com,+1-419-056-7365,2024-6-17,Germany
460,Oliver White,john51@outlook.com,+1-805-965-7799,2022-6-17,Canada
461,Noah Harris,kathryn81@berkeley.edu,+1-696-209-4959,2025-1-10,India
462,Liam Clark,hallsydney@yahoo.com,+1-101-595-3325,2024-3-7,Australia
463,Emma Thompson,wattsnicholas@outlook.com,+1-479-303-6313,2024-9-17,USA
464,Isabella Lewis,millerdaniel@yahoo.com,+1-499-647-0001,2023-12-11,India
465,James Walker,briggschad@berkeley.edu,+1-350-093-7715,2022-4-24,Brazil
466,Oliver Lewis,robertsdwayne@outlook.com,+1-559-979-0618,2023-6-23,Brazil
467,Isabella Lewis,zimmermankenneth@outlook.com,+1-346-903-5188,2023-12-5,Mexico
468,Olivia White,james73@hotmail.com,+1-990-423-5343,2023-3-5,Canada
469,Liam Lewis,pharper@outlook.com,+1-449-280-5499,2023-12-23,India
470,Noah Rodriguez,carpenterheidi@outlook.com,+1-808-990-2868,2023-11-3,Brazil
471,Noah White,jennifer82@hotmail.com,+1-234-522-3781,2022-9-22,Japan
472,Noah Walker,thompsonmelissa@aol.com,+1-823-978-8231,2024-10-2,Canada
473,Sophia Allen,reneeclark@aol.com,+1-713-323-4418,2023-1-10,USA
474,Isabella Harris,meganheath@gmail.com,+1-213-787-2218,2024-12-21,Mexico
475,Ava Rodriguez,robyn21@nonprofit.org,+1-309-823-9142,2022-9-26,Australia
476,Olivia Walker,emilyhuynh@yahoo.com,+1-183-043-7950,2023-8-10,France
477,Oliver Lewis,nicholassmith@berkeley.edu,+1-878-919-8924,2024-8-23,Australia
478,Ava Lewis,rdouglas@aol.com,+1-291-954-8901,2022-11-7,USA
479,Elijah Hall,rayjackson@hotmail.com,+1-454-437-0684,2022-8-30,UK
480,James Clark,jacksonbrian@hotmail.com,+1-225-453-4497,2025-1-16,UK
481,Emma Harris,khammond@nonprofit.org,+1-599-048-1774,2022-5-31,Mexico
482,Oliver Thompson,wagnerleah@aol.com,+1-915-132-1466,2025-2-14,UK
483,Liam Anderson,stephenrichardson@outlook.com,+1-472-637-6745,2024-7-16,USA
484,Olivia Thompson,wendynguyen@outlook.com,+1-263-518-9005,2024-11-25,Canada
485,Emma Allen,rparsons@berkeley.edu,+1-132-509-5319,2022-7-23,Germany
486,Oliver Clark,ibuchanan@nonprofit.org,+1-165-638-2599,2023-12-1,Mexico
487,Olivia Clark,katherinewong@berkeley.edu,+1-259-495-6763,2024-1-2,India
488,Noah Allen,brockchristina@yahoo.com,+1-671-406-6927,2024-4-16,Mexico
489,Ava Hall,melissa06@aol.com,+1-460-544-7471,2024-8-13,Australia
490,Olivia Allen,gailbarr@aol.com,+1-950-703-7132,2022-10-9,Brazil
491,Olivia Lewis,allenstephen@gmail.com,+1-500-386-9642,2025-3-7,India
492,James Rodriguez,patriciaconway@gmail.com,+1-736-451-8139,2025-2-15,UK
493,Sophia Hall,nicholassherman@gmail.com,+1-371-141-9122,2025-1-28,USA
494,Isabella Rodriguez,taylorbuchanan@outlook.com,+1-963-852-8614,2023-5-8,Canada
495,James Clark,brandon65@hotmail.com,+1-377-047-5097,2025-1-7,France
496,Olivia Rodriguez,ebrown@aol.com,+1-953-065-3612,2022-6-18,India
497,Oliver Harris,sara55@gmail.com,+1-547-686-9418,2023-4-7,Japan
498,James Walker,youngjeff@nonprofit.org,+1-820-772-7303,2022-5-7,India
499,Isabella Rodriguez,ybyrd_1@aol.com,+1-991-952-7517,2024-3-31,UK
500,Sophia Hall,stephaniereyes@hotmail.com,+1-128-236-4105,2023-11-3,France
501,James Anderson,pittmanautumn@hotmail.com,+1-668-300-5073,2022-7-31,USA
502,Liam Thompson,thomasmicheal@hotmail.com,+1-580-792-9757,2024-12-24,Mexico
503,Elijah Clark,matthewgrant@outlook.com,+1-702-595-4525,2024-2-16,Japan
504,Ava Lewis,coreyolson@nonprofit.org,+1-985-488-9938,2023-2-27,Japan
505,Sophia Hall,vcook@aol.com,+1-656-773-0537,2022-6-11,UK
506,Elijah Clark,allenjoseph@hotmail.com,+1-906-049-8187,2023-12-31,Australia
507,Sophia Thompson,ybennett@nonprofit.org,+1-188-133-1365,2023-10-10,UK
508,Oliver Lewis,josephorozco@yahoo.com,+1-142-534-8591,2024-5-26,India
509,Ava Walker,vcole@gmail.com,+1-977-889-2977,2023-12-17,Mexico
510,Sophia Allen,david05@gmail.com,+1-834-157-1953,2022-5-22,UK
511,Oliver White,joseph77@berkeley.edu,+1-105-574-5230,2023-1-13,Brazil
512,Sophia Harris,matthew19@hotmail.com,+1-639-085-1078,2023-3-13,Australia
513,Emma Walker,melissa43@berkeley.edu,+1-991-560-3139,2023-10-26,Mexico
514,Ava Walker,arianachurch@berkeley.edu,+1-450-527-1993,2024-12-31,Japan
515,Oliver Clark,jessicaharris@outlook.com,+1-774-802-2080,2023-10-9,Canada
516,Olivia Allen,anichols@yahoo.com,+1-686-227-3762,2023-6-17,India
517,Sophia Rodriguez,dhall@outlook.com,+1-387-140-6409,2022-11-12,Australia
518,Isabella Thompson,brownmichael@yahoo.com,+1-141-177-8173,2024-2-18,Brazil
519,Emma Allen,jenningstina@nonprofit.org,+1-541-309-8329,2025-1-20,France
520,Sophia Walker,xtorres@hotmail.com,+1-456-712-1957,2024-6-1,Mexico
521,Oliver Rodriguez,hrosario@outlook.com,+1-741-027-8573,2022-7-17,Australia
522,Noah Walker,adamswendy@hotmail.com,+1-860-773-4791,2023-11-25,Japan
523,Liam Lewis,michaelbailey@aol.com,+1-229-474-0058,2024-4-25,Japan
524,Liam White,alisonclark@hotmail.com,+1-556-192-0932,2025-1-27,Canada
525,Sophia Rodriguez,ryanrobinson@outlook.com,+1-132-939-6665,2022-11-23,Germany
526,Sophia Lewis,elewis@aol.com,+1-883-066-2793,2022-7-28,Brazil
527,Ava Hall,richardsonanthony@yahoo.com,+1-319-459-0127,2024-8-26,Canada
528,Isabella White,framos@yahoo.com,+1-584-902-3931,2024-2-16,Mexico
529,Ava Hall,bryantjohn@outlook.com,+1-900-536-8124,2025-2-6,India
530,Ava Rodriguez,jean90@aol.com,+1-566-687-3395,2023-7-9,Mexico
531,Ava Rodriguez,morrisbenjamin@nonprofit.org,+1-144-795-1233,2023-6-10,India
532,Isabella Rodriguez,tfarley@nonprofit.org,+1-482-116-2991,2024-12-9,France
533,Elijah White,vroberson@outlook.com,+1-262-000-3595,2023-6-24,Australia
534,Emma Hall,bartonmichelle@outlook.com,+1-109-657-2781,2022-3-17,Germany
535,Oliver White,ymendez@berkeley.edu,+1-439-818-3969,2024-5-2,Mexico
536,Sophia Hall,john45@gmail.com,+1-570-948-6644,2023-10-17,Mexico
537,Elijah Thompson,karen43@yahoo.com,+1-188-716-8911,2024-11-2,Japan
538,Ava Walker,lwebster@outlook.com,+1-640-239-5011,2022-10-15,USA
539,Isabella Walker,mroy@nonprofit.org,+1-692-865-4721,2022-4-1,Japan
540,Isabella Thompson,harriswilliam@outlook.com,+1-829-591-9823,2022-11-23,Canada
541,Ava Harris,jacobward@berkeley.edu,+1-189-931-2787,2025-2-4,USA
542,Isabella Allen,edward54@yahoo.com,+1-462-092-0290,2024-1-7,Germany
543,Olivia Clark,zrobinson@aol.com,+1-642-802-9371,2022-5-28,Canada
544,Olivia White,christopher18@berkeley.edu,+1-368-482-3938,2024-9-24,Australia
545,Oliver Anderson,drew28@berkeley.edu,+1-101-545-2719,2022-8-27,Mexico
546,James Hall,pruittjames@outlook.com,+1-325-933-5836,2024-11-18,Mexico
547,Noah Walker,collinspeter@berkeley.edu,+1-694-612-2283,2024-11-12,Australia
548,Liam Walker,muellerjames@aol.com,+1-112-316-1905,2024-11-29,India
549,Noah Rodriguez,angelahumphrey@berkeley.edu,+1-787-125-3412,2023-2-14,Canada
550,Olivia Walker,michele76@nonprofit.org,+1-773-256-1506,2022-6-2,UK
551,Olivia Walker,carterroger@berkeley.edu,+1-771-663-5951,2024-9-21,Canada
552,Elijah Harris,amylin@berkeley.edu,+1-426-683-5561,2022-9-13,France
553,Noah White,peterdiaz@aol.com,+1-461-055-4457,2024-1-31,France
554,Sophia Walker,jenniferjones@outlook.com,+1-128-780-9102,2023-2-18,UK
555,Emma Clark,christine69@hotmail.com,+1-155-505-9587,2023-1-19,Japan
556,Liam Allen,zhanson@nonprofit.org,+1-326-821-8156,2022-9-7,Mexico
557,Noah Clark,jonathan06@yahoo.com,+1-780-231-5544,2022-11-30,Australia
558,Sophia Rodriguez,pauladouglas@hotmail.com,+1-921-984-3003,2022-4-9,UK
559,Noah Lewis,cmathews@berkeley.edu,+1-329-643-9604,2023-10-12,UK
560,Sophia Harris,heather94@yahoo.com,+1-992-346-5721,2024-6-18,Japan
561,Elijah Thompson,hjensen@nonprofit.org,+1-779-674-3741,2025-1-17,USA
562,Oliver Hall,porozco@aol.com,+1-631-891-4471,2024-11-22,India
563,Isabella Walker,rodgerschristina@outlook.com,+1-217-392-4622,2022-12-17,Canada
564,Oliver Hall,mcmahonfelicia@gmail.com,+1-688-509-5287,2023-2-16,Mexico
565,Oliver Anderson,rblack@berkeley.edu,+1-241-930-1682,2023-3-29,Canada
566,Emma Anderson,daniel77@berkeley.edu,+1-150-978-1081,2024-10-29,Brazil
567,Oliver Harris,mskinner@outlook.com,+1-873-451-3757,2024-2-14,Brazil
568,Liam Allen,matthew95@berkeley.edu,+1-492-642-9617,2024-2-28,Australia
569,Olivia Rodriguez,vanessahuynh@outlook.com,+1-696-246-4356,2024-6-25,France
570,Oliver White,ahall@outlook.com,+1-538-766-0557,2024-8-21,France
571,Elijah Anderson,grantdarryl@nonprofit.org,+1-639-613-9662,2023-9-17,Australia
572,Emma Harris,scottjones@nonprofit.org,+1-917-000-5045,2022-9-13,Canada
573,Oliver Thompson,hwashington@yahoo.com,+1-496-439-4202,2022-6-3,India
574,Sophia Lewis,howellmatthew@yahoo.com,+1-832-040-7128,2022-10-17,India
575,Emma Hall,samuel29@aol.com,+1-248-551-9227,2023-2-10,Japan
576,Elijah Anderson,bensonjessica@hotmail.com,+1-377-017-4841,2023-11-22,Japan
577,Oliver Clark,kennedyjeffrey@yahoo.com,+1-758-524-5962,2024-9-8,Japan
578,Oliver Allen,sandrahammond@hotmail.com,+1-616-221-2027,2023-7-11,Australia
579,Liam Rodriguez,brookewilson@berkeley.edu,+1-952-310-8440,2024-9-4,Canada
580,Olivia Hall,sheenajenkins@gmail.com,+1-106-156-0392,2024-4-18,India
581,Noah Harris,oenglish@gmail.com,+1-706-449-1540,2024-2-15,Mexico
582,Olivia Walker,harrisjoseph@aol.com,+1-139-624-9391,2024-8-2,Australia
583,Noah Harris,brandonking@gmail.com,+1-919-612-1761,2023-4-22,Australia
584,Oliver Walker,etaylor@outlook.com,+1-684-398-7182,2023-2-17,India
585,Elijah Allen,alyssa40@yahoo.com,+1-117-180-4246,2023-4-12,Japan
586,Isabella Clark,johnsonkaren@nonprofit.org,+1-587-477-0777,2022-6-12,UK
587,Noah Lewis,thompsonsarah@outlook.com,+1-950-830-6037,2023-2-19,Australia
588,Noah Thompson,kristinesmith@gmail.com,+1-705-496-1876,2022-10-25,Canada
589,Oliver Thompson,laurenhughes@aol.com,+1-936-839-3133,2024-3-31,Brazil
590,Sophia Thompson,jamesmontoya@outlook.com,+1-231-521-3363,2023-5-31,Canada
591,Elijah Hall,ltapia@hotmail.com,+1-665-267-0752,2023-3-13,Australia
592,Noah Clark,mcook@hotmail.com,+1-968-121-2055,2023-12-18,Japan
593,Emma Hall,pjohnson@gmail.com,+1-546-509-9963,2022-12-1,Canada
594,Emma Lewis,lindseypowell@outlook.com,+1-779-443-5092,2025-2-15,Australia
595,James Allen,andersonmichael@aol.com,+1-790-197-7560,2022-12-30,Mexico
596,James Thompson,rodriguezrobert@hotmail.com,+1-595-462-8556,2023-7-9,UK
597,Isabella Clark,sharon19@outlook.com,+1-896-167-3718,2023-7-9,Canada
598,Emma Hall,monicavincent@gmail.com,+1-357-270-6787,2024-3-7,Australia
599,Elijah Lewis,isaiah81@gmail.com,+1-180-556-7301,2022-8-20,Germany
600,Liam Rodriguez,bhays@nonprofit.org,+1-474-735-1943,2023-9-11,Australia
601,Olivia Walker,parkslinda@hotmail.com,+1-304-931-9051,2023-10-30,USA
602,Isabella White,bmoses@hotmail.com,+1-859-597-9166,2023-12-30,Brazil
603,Emma Clark,bmullen@nonprofit.org,+1-242-610-1852,2024-8-2,France
604,Oliver White,santoscindy@berkeley.edu,+1-516-302-5456,2024-7-17,UK
605,Isabella Harris,scottweiss@outlook.com,+1-904-537-7317,2023-6-26,USA
606,Liam Lewis,griffineddie@berkeley.edu,+1-805-346-4919,2023-7-25,France
607,James Lewis,whunter@hotmail.com,+1-985-026-1287,2024-7-1,Mexico
608,Liam Lewis,yperez@hotmail.com,+1-182-532-6254,2024-4-17,Germany
609,Noah Rodriguez,stephaniehouston@yahoo.com,+1-977-190-4818,2022-6-30,France
610,Emma White,hrivera@yahoo.com,+1-550-100-8593,2023-11-16,UK
611,Oliver Hall,rhill@nonprofit.org,+1-984-712-5041,2022-9-10,UK
612,Elijah Anderson,tim38@nonprofit.org,+1-935-231-8437,2023-1-19,India
613,Oliver White,xmiller@berkeley.edu,+1-836-025-5267,2022-4-30,Japan
614,Liam Harris,karen00@hotmail.com,+1-906-910-8297,2023-11-22,Germany
615,Olivia Hall,steven81@yahoo.com,+1-139-818-4309,2023-1-8,Japan
616,Olivia Lewis,wcraig@gmail.com,+1-220-826-7660,2023-8-30,UK
617,Olivia Thompson,erinduran@hotmail.com,+1-920-763-4661,2024-5-23,Australia
618,Liam Rodriguez,jonesgary@gmail.com,+1-999-021-6578,2025-1-19,Germany
619,Noah White,thomas88@hotmail.com,+1-754-835-0661,2022-6-12,Canada
620,Liam Harris,pauldennis@yahoo.com,+1-343-730-1177,2023-12-17,India
621,Sophia Hall,jwang@hotmail.com,+1-560-672-6887,2024-5-4,Japan
622,Oliver Walker,carlalucas@gmail.com,+1-378-014-6200,2022-12-24,Canada
623,Sophia Clark,millercassandra@aol.com,+1-115-016-4639,2024-3-10,Germany
624,James Lewis,asnyder@berkeley.edu,+1-758-703-9964,2023-10-23,Japan
625,Noah Walker,morrisaustin@outlook.com,+1-517-126-3899,2024-11-20,Brazil
626,James Rodriguez,michelle82@berkeley.edu,+1-229-495-5454,2023-5-28,USA
627,Noah Allen,rmcdonald@nonprofit.org,+1-115-119-1844,2023-5-18,France
628,Liam Clark,perezsusan@gmail.com,+1-278-672-5883,2022-5-13,Mexico
629,Sophia Clark,stacymaldonado@berkeley.edu,+1-620-874-3269,2024-1-5,India
630,Olivia Allen,frankwest@yahoo.com,+1-729-638-7696,2025-1-18,Germany
631,Emma Hall,fisherdavid@nonprofit.org,+1-599-329-4097,2023-11-18,India
632,James Walker,pearsoncory@aol.com,+1-445-577-7021,2022-12-5,Germany
633,Liam Allen,mitchellmary@hotmail.com,+1-443-673-4695,2022-10-8,Brazil
634,Ava White,daniel09@aol.com,+1-662-273-4743,2022-6-6,USA
635,Elijah Harris,cantukeith@nonprofit.org,+1-525-629-5753,2024-4-23,Mexico
636,Elijah White,traci89@outlook.com,+1-971-516-8648,2022-11-30,India
637,Oliver White,richard81@nonprofit.org,+1-927-379-5460,2024-3-28,Germany
638,Liam Allen,william69@outlook.com,+1-900-543-2998,2023-12-29,France
639,Isabella Allen,christophermitchell@nonprofit.org,+1-499-230-8419,2022-3-30,Japan
640,Ava White,amy05@gmail.com,+1-849-455-7435,2024-1-16,France
641,James Thompson,nathanpruitt@nonprofit.org,+1-679-887-5802,2022-3-31,Mexico
642,Emma Anderson,williamtaylor@yahoo.com,+1-795-446-3087,2022-4-15,Mexico
643,Ava Allen,loriruiz@hotmail.com,+1-461-123-5793,2023-5-27,Japan
644,Isabella Allen,dblankenship@outlook.com,+1-529-219-4347,2022-6-17,France
645,James White,kennethroberson@hotmail.com,+1-465-386-7682,2022-3-30,Japan
646,Oliver Anderson,randy74@outlook.com,+1-717-329-2996,2024-4-21,Brazil
647,Ava Rodriguez,jenniferwoods@aol.com,+1-273-892-9746,2025-2-11,Germany
648,Olivia Anderson,robert14@berkeley.edu,+1-379-388-8992,2022-6-19,Germany
649,Liam Anderson,thomas34@aol.com,+1-884-994-0444,2022-8-11,Germany
650,Emma Rodriguez,ashlee98@hotmail.com,+1-894-046-8698,2024-5-30,Canada
651,Olivia Walker,andrew66@aol.com,+1-580-959-9340,2022-12-15,Germany
652,Isabella Harris,erikadorsey@berkeley.edu,+1-161-414-9150,2023-5-8,Australia
653,Isabella Anderson,stacygriffin@gmail.com,+1-396-085-4789,2022-8-20,Germany
654,Liam Allen,jennifer55@hotmail.com,+1-722-994-5675,2023-8-2,Japan
655,James Rodriguez,christina23@nonprofit.org,+1-838-049-7208,2023-5-26,Mexico
656,Liam Thompson,jacob76@hotmail.com,+1-107-010-2315,2023-2-17,France
657,Emma Anderson,martinjoshua@nonprofit.org,+1-245-042-3730,2024-2-9,France
658,Oliver Rodriguez,vallen@berkeley.edu,+1-336-695-2040,2022-11-24,UK
659,Liam Hall,hhernandez@nonprofit.org,+1-447-210-6467,2024-7-30,UK
660,James Thompson,fmckenzie@nonprofit.org,+1-270-837-9778,2023-9-13,Canada
661,Noah Lewis,anthonyedwards@aol.com,+1-469-935-4099,2024-9-15,Germany
662,Liam Anderson,markmurillo@hotmail.com,+1-822-693-1091,2023-11-17,France
663,Ava Anderson,michael58@gmail.com,+1-113-970-7579,2024-11-10,USA
664,Sophia Lewis,jenny36@berkeley.edu,+1-371-808-0886,2022-10-24,USA
665,Noah Anderson,ashley07@yahoo.com,+1-379-581-8307,2022-5-8,USA
666,Oliver Rodriguez,dtaylor@gmail.com,+1-622-458-7920,2023-8-19,USA
667,James Clark,ssanders@outlook.com,+1-190-542-4873,2023-3-8,Australia
668,Sophia Walker,tbecker@yahoo.com,+1-180-383-7913,2024-3-16,USA
669,Emma Clark,jennyrios@hotmail.com,+1-183-408-7074,2024-6-11,Canada
670,Ava Clark,knorton@outlook.com,+1-521-273-2006,2023-6-26,Brazil
671,Elijah Harris,anthonyrodriguez@berkeley.edu,+1-141-465-3876,2022-3-24,Brazil
672,Ava Anderson,mercadomark@aol.com,+1-606-627-0229,2024-1-22,France
673,Isabella Clark,mford@outlook.com,+1-181-555-1656,2024-9-10,France
674,Liam Anderson,johnsonjason@nonprofit.org,+1-183-984-4016,2022-10-20,Mexico
675,Olivia Anderson,joshua92@aol.com,+1-536-322-2398,2023-9-19,Japan
676,Emma White,pcarrillo@gmail.com,+1-268-498-8138,2023-8-31,USA
677,Olivia Allen,jose00@gmail.com,+1-785-605-0216,2023-2-24,USA
678,James Lewis,rollinscourtney@nonprofit.org,+1-705-707-8976,2024-7-20,Brazil
679,Emma Thompson,fisherwilliam@berkeley.edu,+1-658-262-0949,2024-10-31,Mexico
680,Liam Walker,dylan66@outlook.com,+1-535-621-4278,2023-2-9,USA
681,Noah Allen,butlerkimberly@nonprofit.org,+1-224-753-7676,2023-10-4,Brazil
682,Oliver Allen,lscott@yahoo.com,+1-530-135-7707,2022-9-25,UK
683,Oliver Lewis,cooperzachary@gmail.com,+1-870-915-7183,2024-6-3,Germany
684,Sophia Thompson,nicholas27@nonprofit.org,+1-149-466-0439,2022-9-4,Mexico
685,Ava Lewis,anthony83@yahoo.com,+1-633-271-4816,2023-4-21,Germany
686,Elijah Walker,dfranco@yahoo.com,+1-673-483-3173,2024-9-15,USA
687,Emma Harris,potterbrian@hotmail.com,+1-760-547-7791,2023-4-27,USA
688,James Allen,lindseyjackson@nonprofit.org,+1-917-265-0224,2024-10-4,Germany
689,Elijah Anderson,xlong@yahoo.com,+1-537-875-3689,2023-9-21,Canada
690,Noah Hall,mholmes@yahoo.com,+1-949-473-8497,2025-3-7,Canada
691,Sophia Harris,khubbard@hotmail.com,+1-789-894-4168,2022-9-26,USA
692,Isabella Harris,youngjohn@yahoo.com,+1-918-033-8145,2023-10-14,UK
693,Emma Anderson,david24@berkeley.edu,+1-261-232-8591,2024-3-15,India
694,Ava Anderson,huynhjeffrey@berkeley.edu,+1-444-861-2191,2025-2-4,Canada
695,James Thompson,lucasdavid@gmail.com,+1-660-722-6383,2023-11-12,Brazil
696,Oliver White,cmcneil@nonprofit.org,+1-926-701-5389,2024-10-13,USA
697,Olivia Walker,belinda46@hotmail.com,+1-509-164-8017,2022-3-19,Mexico
698,Sophia Rodriguez,fjennings@yahoo.com,+1-155-741-9201,2023-8-21,Japan
699,James Clark,davidmills@berkeley.edu,+1-309-219-2803,2022-5-12,USA
700,Liam Clark,chandlerjames@hotmail.com,+1-492-451-1191,2024-3-8,Brazil
701,Oliver Lewis,aprilpage@nonprofit.org,+1-953-364-2616,2022-4-30,UK
702,Emma Clark,tiffanylloyd@nonprofit.org,+1-594-618-2873,2024-2-22,UK
703,Isabella Thompson,alexanderjackson@outlook.com,+1-226-009-4492,2023-4-11,Germany
704,Isabella Hall,beckerjay@nonprofit.org,+1-643-979-0139,2023-3-6,Germany
705,Noah Rodriguez,robinsonmark@berkeley.edu,+1-216-913-1073,2023-9-7,Australia
706,Olivia White,donaldmason@gmail.com,+1-220-746-9728,2022-7-6,Japan
707,Noah Rodriguez,michael73@gmail.com,+1-151-625-4879,2022-3-11,Japan
708,James White,jacquelinestone@berkeley.edu,+1-792-805-3790,2022-12-5,Australia
709,Olivia Lewis,rponce@nonprofit.org,+1-226-644-1943,2022-6-28,Brazil
710,Isabella Thompson,wgibson@hotmail.com,+1-741-090-7132,2024-6-15,Japan
711,Liam White,shari78@berkeley.edu,+1-391-261-5294,2022-7-30,USA
712,Elijah Thompson,christopherroberts@outlook.com,+1-926-792-2582,2023-4-27,Canada
713,Sophia Allen,josephwilliams@berkeley.edu,+1-201-657-2250,2023-11-16,Canada
714,Elijah Rodriguez,gracematthews@berkeley.edu,+1-750-681-7852,2023-1-1,Brazil
715,Oliver Thompson,uking@hotmail.com,+1-537-431-7548,2022-9-6,Mexico
716,Elijah Allen,wilkinsdarrell@aol.com,+1-567-182-2875,2022-5-2,Canada
717,Liam Harris,mary71@berkeley.edu,+1-531-073-4104,2022-7-15,Canada
718,Isabella Thompson,mcknightemily@nonprofit.org,+1-529-017-9725,2022-11-5,France
719,Emma Anderson,nquinn@gmail.com,+1-924-825-3801,2023-10-26,Canada
720,Liam Clark,garciarebecca@gmail.com,+1-545-320-0050,2023-8-9,Japan
721,Ava Hall,lewislisa@outlook.com,+1-477-140-1647,2022-3-20,USA
722,Sophia Anderson,kimberly67@nonprofit.org,+1-676-014-7701,2024-11-30,UK
723,Elijah Harris,cgray@yahoo.com,+1-283-248-6033,2024-1-6,Canada
724,Olivia Hall,taylortaylor@outlook.com,+1-942-002-4340,2022-6-7,Australia
725,Oliver Anderson,david28@gmail.com,+1-320-123-3618,2024-12-24,India
726,Noah Anderson,christensenshannon@outlook.com,+1-990-754-4602,2024-8-16,Canada
727,Liam White,richard45@yahoo.com,+1-689-761-4433,2022-11-29,Australia
728,Isabella Allen,craigmunoz@outlook.com,+1-968-942-3122,2023-2-7,Mexico
729,Olivia Harris,pnielsen@gmail.com,+1-720-046-8631,2024-6-30,Mexico
730,Olivia White,rebecca98@berkeley.edu,+1-792-376-3981,2022-12-28,France
731,Oliver Allen,amandabenjamin@gmail.com,+1-910-904-6822,2024-12-8,USA
732,Noah Anderson,nburns@gmail.com,+1-460-950-0123,2024-4-13,France
733,Ava Clark,garciachristina@outlook.com,+1-412-210-8358,2024-7-28,France
734,Emma Harris,rebekahdouglas@hotmail.com,+1-596-252-9806,2024-7-1,India
735,Oliver Harris,longpatricia@nonprofit.org,+1-415-191-1287,2023-9-18,Australia
736,Ava Thompson,john16@yahoo.com,+1-503-144-5425,2024-1-23,Germany
737,Sophia Anderson,ronald19@hotmail.com,+1-617-840-0940,2022-10-7,Brazil
738,Noah Lewis,andrewbond@hotmail.com,+1-428-464-6257,2025-1-27,Japan
739,Liam Walker,mandy17@aol.com,+1-714-621-7754,2025-1-13,Australia
740,Isabella Hall,frank62@hotmail.com,+1-478-259-6487,2024-9-29,Brazil
741,Olivia White,ijohnson@aol.com,+1-455-366-5955,2022-10-14,Brazil
742,Oliver Clark,debbie47@hotmail.com,+1-985-649-8810,2022-6-24,Brazil
743,Olivia Allen,cummingskelly@nonprofit.org,+1-756-179-0051,2024-1-16,Mexico
744,Oliver Lewis,stevenrogers@berkeley.edu,+1-366-351-8462,2022-4-16,Canada
745,Olivia Allen,millerteresa@yahoo.com,+1-813-190-0867,2023-12-24,France
746,Liam White,brittany33@outlook.com,+1-789-250-3226,2024-9-23,Japan
747,Noah Thompson,thomasronald@berkeley.edu,+1-158-916-4246,2022-9-15,Japan
748,Noah Clark,bryce38@hotmail.com,+1-841-960-4440,2023-8-19,France
749,Liam White,lauriechavez@aol.com,+1-329-213-4434,2024-11-14,Germany
750,Liam Lewis,kimberlywalker@hotmail.com,+1-460-956-9947,2024-1-9,Australia
751,Isabella Harris,burkejohn@berkeley.edu,+1-871-011-5261,2022-7-26,Japan
752,Ava Allen,xharmon@yahoo.com,+1-971-957-1193,2022-11-23,Australia
753,James Hall,meyerabigail@aol.com,+1-243-910-5591,2024-5-21,Brazil
754,James Rodriguez,perkinspeter@outlook.com,+1-502-792-4032,2023-11-20,India
755,James Harris,sarafields@yahoo.com,+1-445-229-7860,2024-11-23,USA
756,Liam Harris,jesse01@berkeley.edu,+1-986-209-2453,2024-11-28,Australia
757,Olivia Harris,scott13@nonprofit.org,+1-818-783-1297,2023-3-23,UK
758,Liam White,sosakaren@aol.com,+1-817-952-4588,2022-4-28,Brazil
759,James Anderson,torresvanessa@outlook.com,+1-487-989-0115,2024-4-2,Australia
760,Isabella Walker,andrewoliver@berkeley.edu,+1-693-357-3335,2024-9-7,Australia
761,Elijah Allen,golson@outlook.com,+1-797-123-1795,2023-10-25,France
762,James Allen,tcox@berkeley.edu,+1-168-841-5247,2022-9-23,USA
763,Emma Walker,kennedyamanda@berkeley.edu,+1-410-239-3323,2023-9-12,France
764,Oliver Rodriguez,jessicamullins@hotmail.com,+1-653-309-9384,2024-6-26,Brazil
765,Noah Rodriguez,villanuevatiffany@aol.com,+1-676-106-1448,2023-3-23,India
766,Liam Thompson,nicole69@nonprofit.org,+1-756-238-8699,2023-8-26,Australia
767,Ava White,coleshane@aol.com,+1-561-277-6191,2022-4-1,Germany
768,Liam Harris,ahogan@gmail.com,+1-224-564-6918,2024-3-14,Mexico
769,Isabella Anderson,rebeccavargas@hotmail.com,+1-270-145-7362,2022-6-17,UK
770,Isabella White,reginahorn@berkeley.edu,+1-644-176-8751,2023-6-2,India
771,Oliver Rodriguez,alexandriamartinez@aol.com,+1-731-078-1014,2023-12-14,Germany
772,James Walker,qwilson@yahoo.com,+1-191-001-0706,2023-11-2,France
773,Noah Rodriguez,heather68@hotmail.com,+1-150-981-1121,2022-10-18,Mexico
774,James Anderson,zamoradaniel@outlook.com,+1-686-139-1619,2022-5-28,Germany
775,Isabella Hall,nblackwell@yahoo.com,+1-683-465-6779,2023-7-7,India
776,Oliver Anderson,klewis@hotmail.com,+1-763-738-0419,2022-9-12,USA
777,Isabella Hall,angelacallahan@outlook.com,+1-112-043-5503,2023-9-13,France
778,Oliver Hall,acostagregory@yahoo.com,+1-768-615-2877,2024-3-9,USA
779,Elijah Allen,ewilson@yahoo.com,+1-144-462-9177,2023-2-6,Germany
780,Olivia Walker,kevin61@nonprofit.org,+1-954-117-5815,2022-9-30,Japan
781,Olivia Walker,francis49@nonprofit.org,+1-890-944-2272,2025-1-18,Brazil
782,Noah Hall,aaguirre@yahoo.com,+1-184-415-5902,2024-5-10,Germany
783,Ava White,ebonyvega@outlook.com,+1-570-210-9334,2024-11-9,Japan
784,Isabella Clark,nterrell@hotmail.com,+1-497-378-9209,2025-2-23,Australia
785,Liam Harris,prattaaron@nonprofit.org,+1-617-728-4998,2023-5-11,USA
786,Sophia Thompson,chernandez@hotmail.com,+1-487-893-7026,2024-1-28,India
787,James Rodriguez,vschmidt@aol.com,+1-428-775-7816,2024-6-1,Canada
788,Olivia White,jefferymullins@nonprofit.org,+1-137-178-3310,2022-9-4,India
789,Liam Lewis,rwall@gmail.com,+1-745-037-7919,2024-4-7,USA
790,Emma White,brownkristen@yahoo.com,+1-877-139-9675,2024-12-16,Germany
791,Oliver Hall,melissabennett@nonprofit.org,+1-299-706-6490,2023-2-28,France
792,Emma Walker,butlerchristine@nonprofit.org,+1-697-885-2437,2024-6-11,Australia
793,Noah Hall,kanepeter@hotmail.com,+1-872-824-8830,2024-3-23,Brazil
794,Elijah Allen,santiagomorgan@aol.com,+1-790-283-0361,2023-6-15,Brazil
795,Isabella Lewis,johnsontrevor@berkeley.edu,+1-570-038-8570,2023-8-29,UK
796,Oliver Clark,rebecca63@yahoo.com,+1-203-309-9181,2024-7-8,France
797,Isabella Harris,ppalmer@aol.com,+1-717-295-1732,2024-8-6,Brazil
798,Isabella Harris,donald71@gmail.com,+1-380-885-5951,2023-5-31,India
799,Elijah White,hopkinsemily@hotmail.com,+1-324-186-9064,2025-1-1,Germany
800,Emma Clark,murphymichael@outlook.com,+1-697-208-2061,2024-4-25,Mexico
801,Sophia Harris,sloanalexandra@aol.com,+1-588-958-5046,2023-3-17,UK
802,Isabella Hall,robertsmith@berkeley.edu,+1-630-221-1872,2023-1-24,Japan
803,Emma Rodriguez,stevenlopez@hotmail.com,+1-347-144-8103,2023-12-15,Brazil
804,Noah Harris,zbryant@nonprofit.org,+1-678-021-6103,2022-11-30,USA
805,Ava Clark,nprice@nonprofit.org,+1-988-565-3302,2023-5-19,India
806,Sophia Rodriguez,joyce04@gmail.com,+1-646-704-5761,2022-6-4,USA
807,Noah Allen,christophergomez@nonprofit.org,+1-234-073-1184,2025-2-24,Germany
808,Olivia Rodriguez,daviskelly@gmail.com,+1-263-153-4956,2023-1-2,Brazil
809,Sophia Thompson,gabrielaperez@nonprofit.org,+1-891-450-4870,2024-4-11,Australia
810,Noah White,davislucas@aol.com,+1-973-352-4669,2022-3-24,Mexico
811,Olivia Walker,frodriguez@nonprofit.org,+1-160-323-7593,2024-7-26,India
812,Liam Clark,youngjeffrey@yahoo.com,+1-517-720-0093,2022-7-5,UK
813,Emma Rodriguez,pwright@gmail.com,+1-678-707-0026,2024-1-15,UK
814,Isabella Clark,andre17@aol.com,+1-455-487-9652,2022-3-21,Mexico
815,Liam Walker,heather09@outlook.com,+1-895-901-8063,2022-11-2,Germany
816,Sophia Clark,samuel10@gmail.com,+1-797-483-1992,2024-3-9,Mexico
817,Ava White,robert59@hotmail.com,+1-735-194-7759,2022-7-19,India
818,Sophia Walker,madeline18@nonprofit.org,+1-326-281-1945,2024-8-20,Germany
819,Olivia Thompson,eric26@berkeley.edu,+1-692-516-0357,2022-4-19,Brazil
820,Noah Harris,uwarner@hotmail.com,+1-105-411-5011,2024-3-23,Germany
821,Ava Allen,esummers@nonprofit.org,+1-137-029-0974,2023-7-16,India
822,Emma Clark,fieldspatrick@nonprofit.org,+1-469-402-9889,2024-1-17,Brazil
823,Elijah Harris,shannondunlap@nonprofit.org,+1-291-947-1759,2024-3-28,Japan
824,James Walker,savannah93@berkeley.edu,+1-661-098-8268,2022-3-27,Mexico
825,Noah Thompson,rpowell@gmail.com,+1-118-810-8895,2024-4-5,Germany
826,Ava Walker,tgay@berkeley.edu,+1-213-648-3015,2024-2-24,Canada
827,Ava Walker,silvahannah@hotmail.com,+1-521-492-9296,2023-12-29,India
828,Elijah Walker,dustin40@berkeley.edu,+1-123-876-0312,2023-9-7,Brazil
829,Liam Hall,ebaker@nonprofit.org,+1-751-937-7328,2023-10-5,Australia
830,James Rodriguez,deannabush@yahoo.com,+1-126-859-9855,2024-5-4,Brazil
831,Emma Anderson,uwalker@aol.com,+1-293-614-0433,2023-6-22,Japan
832,Emma Hall,michele44@yahoo.com,+1-111-348-7448,2024-10-5,Mexico
833,Isabella Clark,tmay@gmail.com,+1-874-257-0412,2023-11-26,India
834,Isabella Walker,xmcclain@hotmail.com,+1-910-000-2876,2022-6-27,Germany
835,Sophia White,james83@aol.com,+1-776-594-8474,2024-5-8,Brazil
836,James Hall,derekhill@nonprofit.org,+1-476-217-8544,2024-6-19,France
837,Elijah White,kyle45@aol.com,+1-509-096-7560,2023-6-20,France
838,Ava White,andrewjackson@hotmail.com,+1-472-749-7795,2025-3-6,Mexico
839,Noah Lewis,sbenson@nonprofit.org,+1-322-689-6050,2024-2-29,India
840,James Harris,amberstanton@hotmail.com,+1-722-027-1008,2025-2-27,UK
841,Liam White,peterberry@hotmail.com,+1-956-959-7382,2024-2-29,Mexico
842,Elijah Harris,vcervantes@outlook.com,+1-226-349-0487,2023-8-15,UK
843,Olivia Anderson,christine17@outlook.com,+1-795-005-0486,2022-12-24,Australia
844,James Hall,ymorgan@gmail.com,+1-773-290-1702,2025-2-19,India
845,James Lewis,deanna81@berkeley.edu,+1-867-799-4981,2024-7-28,Canada
846,James Lewis,deanna54@outlook.com,+1-386-339-0411,2022-5-23,Germany
847,Emma Allen,gallagheraaron@yahoo.com,+1-812-990-7175,2022-9-12,Brazil
848,Elijah Hall,nfarmer@outlook.com,+1-987-415-6390,2023-12-11,Brazil
849,James White,davisian@berkeley.edu,+1-486-575-7255,2024-12-19,Brazil
850,Noah White,randyjohnson@nonprofit.org,+1-154-025-5073,2023-2-14,Australia
851,Elijah Thompson,psnyder@berkeley.edu,+1-244-297-5112,2023-3-22,Brazil
852,Sophia Lewis,rhondahernandez@berkeley.edu,+1-278-944-4184,2022-10-14,Canada
853,Oliver Rodriguez,ryan58@hotmail.com,+1-739-582-2329,2025-2-5,Mexico
854,Ava Harris,gardnerkristin@outlook.com,+1-793-316-7534,2023-1-13,UK
855,Olivia Lewis,christopher69@hotmail.com,+1-521-912-4634,2022-11-23,Australia
856,Ava Walker,walkerkirk@nonprofit.org,+1-702-926-1062,2024-11-11,UK
857,James Thompson,andersonmatthew@hotmail.com,+1-774-733-5422,2023-6-10,USA
858,Sophia Clark,jakeking@aol.com,+1-664-106-8216,2023-1-20,France
859,Noah Allen,laurawilliamson@outlook.com,+1-598-154-2753,2022-10-19,Canada
860,Sophia Clark,michael15@aol.com,+1-483-109-5462,2022-10-22,USA
861,Emma Lewis,evan46@aol.com,+1-438-477-0092,2024-9-8,Japan
862,Ava Thompson,amandabass@hotmail.com,+1-765-879-6228,2023-2-25,Australia
863,Ava Harris,tylerhernandez@yahoo.com,+1-111-616-5879,2022-12-15,Brazil
864,Isabella Harris,rebecca27@outlook.com,+1-875-932-5717,2022-3-13,Canada
865,Olivia Lewis,antoniokelly@outlook.com,+1-470-230-9241,2024-8-31,Germany
866,Sophia Anderson,hodgeschristopher@hotmail.com,+1-416-465-9336,2023-9-29,India
867,James Harris,wschaefer@gmail.com,+1-398-878-1170,2024-4-7,Mexico
868,Oliver Hall,jamesmurphy@outlook.com,+1-988-816-8979,2023-10-6,Canada
869,James Rodriguez,joshuamaddox@hotmail.com,+1-882-089-7135,2025-1-23,Australia
870,Olivia Clark,brittanysingleton@outlook.com,+1-589-529-7496,2024-5-11,Australia
871,James Allen,ksantiago@outlook.com,+1-711-892-7458,2022-4-11,Japan
872,Elijah Walker,courtney17@gmail.com,+1-613-950-8893,2023-3-9,Canada
873,Oliver Hall,brenda07@hotmail.com,+1-170-004-8317,2022-6-16,Australia
874,Sophia White,chad77@outlook.com,+1-906-201-1816,2022-11-1,India
875,Isabella Rodriguez,richardspencer@yahoo.com,+1-608-216-0992,2022-3-28,Germany
876,Sophia Rodriguez,andersonkathleen@hotmail.com,+1-608-008-3294,2024-9-17,France
877,Emma Lewis,hollyrussell@gmail.com,+1-219-908-6544,2024-10-30,USA
878,Elijah Harris,ywolfe@yahoo.com,+1-865-606-5945,2024-4-20,Germany
879,Elijah Rodriguez,christina52@outlook.com,+1-349-934-8668,2023-1-20,Mexico
880,Olivia Anderson,smithkurt@yahoo.com,+1-446-395-1015,2023-5-8,USA
881,Liam Lewis,nicole83@outlook.com,+1-555-976-9275,2023-7-14,Canada
882,Elijah Clark,butlersusan@gmail.com,+1-350-323-5026,2024-2-4,Brazil
883,James Harris,adriansawyer@hotmail.com,+1-185-090-6077,2022-10-17,Japan
884,Olivia Lewis,williamkirby@gmail.com,+1-978-114-5601,2023-7-16,USA
885,Olivia Anderson,fitzgeraldnathan@yahoo.com,+1-609-287-5473,2022-5-11,Brazil
886,James Anderson,anthonydavid@hotmail.com,+1-959-682-7192,2022-7-14,UK
887,Liam Thompson,kwilliams@gmail.com,+1-619-359-6842,2024-10-16,Brazil
888,Liam Harris,andrewsronald@nonprofit.org,+1-696-574-2604,2023-7-19,UK
889,Emma Hall,kromero@hotmail.com,+1-916-858-2733,2022-10-27,France
890,Emma Thompson,john52@yahoo.com,+1-214-907-8924,2024-6-8,Brazil
891,Liam Walker,williammarshall@yahoo.com,+1-190-013-4813,2024-6-15,Mexico
892,Liam Anderson,tammyruiz@outlook.com,+1-343-884-2492,2023-9-18,UK
893,Elijah Hall,knoxmichael@aol.com,+1-137-005-3163,2023-4-6,India
894,Elijah Rodriguez,daniellepeterson@yahoo.com,+1-241-228-1140,2023-2-16,Canada
895,Isabella Lewis,farmeremily@hotmail.com,+1-780-577-0066,2024-3-13,Germany
896,Noah Thompson,tgentry@yahoo.com,+1-644-321-6887,2023-1-16,France
897,Sophia White,wesleyjones@hotmail.com,+1-820-039-2983,2022-4-2,Mexico
898,Liam Thompson,john13@gmail.com,+1-302-964-8657,2022-8-1,Japan
899,Isabella Harris,michael82@outlook.com,+1-502-472-6325,2024-7-3,France
900,Emma Walker,michealjuarez@nonprofit.org,+1-647-990-0510,2024-2-12,Germany
901,Noah Walker,smithpatricia@nonprofit.org,+1-510-175-7069,2023-1-19,USA
902,James Rodriguez,robert80@berkeley.edu,+1-321-065-7611,2022-9-7,France
903,Sophia Clark,smithsamantha@hotmail.com,+1-421-340-1627,2024-10-10,Canada
904,Emma Allen,rogersstephanie@aol.com,+1-170-560-0689,2022-6-20,USA
905,Olivia Anderson,kelly26@gmail.com,+1-553-934-4311,2022-11-9,India
906,Noah Allen,fhurst@nonprofit.org,+1-185-560-1808,2024-2-7,Australia
907,Noah White,pweaver@gmail.com,+1-304-154-6074,2023-12-13,UK
908,Oliver Rodriguez,samantha61@nonprofit.org,+1-891-540-0972,2022-4-20,Japan
909,James Anderson,xthompson@outlook.com,+1-581-380-9133,2023-5-6,Japan
910,Emma White,williamsryan@hotmail.com,+1-702-758-6029,2023-5-28,India
911,Oliver Hall,mgarrett@outlook.com,+1-208-247-2024,2023-2-27,Japan
912,Elijah White,danielrose@hotmail.com,+1-561-548-2787,2025-2-23,Canada
913,James Walker,michaelgarcia@outlook.com,+1-576-229-6190,2022-8-1,UK
914,Elijah Hall,lindsey41@nonprofit.org,+1-323-770-6913,2022-12-18,Germany
915,Isabella Allen,bwilliams@nonprofit.org,+1-566-881-6980,2024-7-2,India
916,Isabella Walker,anna24@aol.com,+1-154-675-2393,2022-6-28,Brazil
917,Isabella Anderson,heather54@hotmail.com,+1-877-140-4744,2024-5-4,Mexico
918,Oliver Walker,kristen97@aol.com,+1-667-387-4187,2022-12-15,Australia
919,Isabella Anderson,ndavis@outlook.com,+1-601-129-6512,2022-3-15,France
920,James Walker,hhall@hotmail.com,+1-728-288-7750,2024-12-26,Japan
921,Elijah Lewis,daniel25@hotmail.com,+1-185-543-7108,2022-10-19,India
922,Elijah Allen,sjones@outlook.com,+1-778-800-5598,2024-5-20,USA
923,Elijah Clark,steven02@hotmail.com,+1-880-209-4768,2022-3-17,UK
924,Elijah White,dennis80@aol.com,+1-653-620-3567,2023-12-16,UK
925,Isabella Clark,karenjohns@nonprofit.org,+1-780-778-4704,2023-9-8,USA
926,Emma Lewis,megan58@outlook.com,+1-528-575-4798,2024-11-2,Brazil
927,Ava Hall,ambermcguire@aol.com,+1-215-754-8107,2023-1-9,France
928,Isabella Thompson,ruthmcmillan@aol.com,+1-502-540-7082,2023-5-30,UK
929,Noah Anderson,rdelacruz@hotmail.com,+1-385-993-6109,2024-2-5,Mexico
930,Olivia Hall,nicholasparker@berkeley.edu,+1-317-530-1406,2024-12-25,Brazil
931,Emma Rodriguez,harrisonjennifer@outlook.com,+1-403-610-9537,2023-10-7,Mexico
932,Noah Harris,uwells@aol.com,+1-527-305-8062,2025-2-21,Japan
933,James Clark,katherine02@gmail.com,+1-776-126-7016,2023-5-30,Brazil
934,Olivia Hall,ynelson@gmail.com,+1-514-501-8466,2023-6-20,UK
935,Oliver Rodriguez,knightsherry@aol.com,+1-409-627-5583,2023-4-23,France
936,Ava Rodriguez,fmorrison@aol.com,+1-499-638-1410,2023-3-31,Japan
937,Emma Harris,heather13@aol.com,+1-909-637-9896,2024-2-23,France
938,Noah Clark,gbarnes@hotmail.com,+1-263-548-3426,2024-3-3,UK
939,Isabella Thompson,kimberlyrivera@nonprofit.org,+1-368-229-8248,2024-8-27,USA
940,James Harris,stevensjerry@outlook.com,+1-239-544-4028,2024-3-25,Germany
941,Sophia Clark,robert26@gmail.com,+1-317-406-9057,2023-12-4,Japan
942,Isabella White,andreanichols@berkeley.edu,+1-117-285-8006,2024-2-16,Japan
943,Olivia Harris,samantha45@aol.com,+1-284-778-6621,2023-8-17,Japan
944,Oliver Rodriguez,ofuller@nonprofit.org,+1-828-497-8973,2022-3-11,India
945,Oliver Thompson,mooreralph@nonprofit.org,+1-869-573-9502,2023-4-29,USA
946,Emma Walker,victoriayates@aol.com,+1-133-062-1354,2024-4-22,India
947,Isabella Lewis,williamsonashley@aol.com,+1-515-322-1893,2022-5-17,Australia
948,Elijah Thompson,baileybruce@nonprofit.org,+1-860-459-8469,2023-1-11,Germany
949,Emma Rodriguez,joshua49@yahoo.com,+1-874-635-4090,2022-11-19,Germany
950,Elijah Rodriguez,carpenterryan@hotmail.com,+1-390-055-6559,2022-6-10,USA
951,Emma Rodriguez,william92@gmail.com,+1-674-593-6734,2024-12-14,USA
952,Isabella White,scottmartha@gmail.com,+1-119-781-4280,2024-10-23,UK
953,Isabella White,stephen12@aol.com,+1-517-090-6435,2024-10-7,France
954,Liam Hall,theresa91@berkeley.edu,+1-643-263-0082,2023-6-17,France
955,Emma Walker,sweeneyjulie@yahoo.com,+1-173-583-8049,2023-12-16,Japan
956,Emma Anderson,betty92@outlook.com,+1-699-275-8888,2023-9-26,Australia
957,Elijah White,sancheznancy@yahoo.com,+1-285-526-5540,2024-9-9,USA
958,Oliver Allen,julieodonnell@outlook.com,+1-827-231-1958,2025-1-18,Brazil
959,Olivia Clark,cynthia94@gmail.com,+1-860-010-9582,2023-9-8,USA
960,James White,ggarcia@aol.com,+1-426-486-9492,2022-10-31,USA
961,Sophia Thompson,fowlermatthew@outlook.com,+1-810-375-2539,2024-4-27,France
962,Isabella Hall,carolynnguyen@yahoo.com,+1-937-993-5915,2023-11-27,UK
963,Emma White,laura48@aol.com,+1-602-634-0112,2024-2-11,France
964,Isabella White,jamiejohnson@hotmail.com,+1-603-817-2397,2024-10-7,Germany
965,Isabella Walker,pfuller@outlook.com,+1-936-600-4158,2024-6-13,USA
966,Emma Allen,eric03@outlook.com,+1-679-760-1238,2022-7-8,Canada
967,James Allen,joseph18@aol.com,+1-542-813-7471,2022-6-11,Canada
968,Isabella Hall,autumnreyes@berkeley.edu,+1-439-026-1923,2024-2-8,Australia
969,James White,angelaoliver@nonprofit.org,+1-915-703-5740,2022-11-4,Germany
970,Isabella Thompson,dgriffin@aol.com,+1-791-136-5816,2023-2-4,India
971,Elijah Anderson,chelsey77@nonprofit.org,+1-674-257-7653,2023-6-4,France
972,Noah Walker,holly00@yahoo.com,+1-151-340-7802,2023-8-26,India
973,Sophia Allen,kathryn17_1@yahoo.com,+1-389-239-0586,2022-11-1,Mexico
974,Sophia Allen,monicawood@aol.com,+1-721-851-1054,2024-4-1,Brazil
975,Noah White,kathryn08@yahoo.com,+1-444-856-1462,2024-9-26,USA
976,Emma Hall,jjones@nonprofit.org,+1-697-691-0366,2022-7-5,UK
977,Emma Allen,kkemp@yahoo.com,+1-554-141-3445,2023-4-3,Australia
978,Liam Clark,victoriaking@aol.com,+1-113-737-7407,2022-9-6,Canada
979,Sophia White,medinachristopher@gmail.com,+1-626-776-8054,2022-6-3,Australia
980,Isabella White,kwilliams@hotmail.com,+1-679-119-6507,2023-11-14,Canada
981,James White,bmedina@yahoo.com,+1-799-323-0979,2023-9-12,Canada
982,Ava Lewis,michelle57@aol.com,+1-707-709-0363,2023-2-16,France
983,Oliver Allen,wrodgers@nonprofit.org,+1-698-674-2274,2023-4-14,France
984,Emma Allen,richardparker@aol.com,+1-563-390-2682,2023-8-26,UK
985,Emma Thompson,tristan38@gmail.com,+1-701-438-7542,2024-8-21,Canada
986,Noah Clark,whitestephanie@yahoo.com,+1-830-254-1588,2022-10-21,USA
987,Ava White,bperry@gmail.com,+1-283-417-7653,2024-10-3,Australia
988,Isabella Thompson,lhill@outlook.com,+1-877-392-0268,2024-5-10,Mexico
989,Noah Lewis,gary09@yahoo.com,+1-820-018-0113,2023-11-13,Mexico
990,Elijah Lewis,dianajohns@yahoo.com,+1-828-476-7096,2023-8-18,Japan
991,Oliver Walker,joseph87@gmail.com,+1-333-588-7741,2023-9-2,UK
992,Olivia Thompson,alison75@hotmail.com,+1-351-806-4903,2024-4-2,UK
993,Noah Thompson,tracybryan@gmail.com,+1-151-967-3880,2024-9-1,Mexico
994,James Harris,katherine36@outlook.com,+1-778-027-3463,2024-7-8,Australia
995,Emma White,luisramirez@berkeley.edu,+1-481-392-4061,2025-1-15,Australia
996,Ava Thompson,lisaharmon@aol.com,+1-320-150-7892,2023-7-6,USA
997,Olivia Anderson,joshua79@gmail.com,+1-669-507-5132,2023-10-1,France
998,Elijah Thompson,wolfemelissa@yahoo.com,+1-242-867-7147,2022-10-31,India
999,Emma Harris,djenkins@outlook.com,+1-866-616-8679,2022-6-8,Brazil
1000,Emma White,fchung@gmail.com,+1-571-379-7546,2022-9-17,Brazil
